,,,,,,,,,,,,,,,,,,,,,,,,,,NSE,NSE
,,Annual Finance Standalone,Annual Finance Standalone,Annual Finance Standalone,Annual Finance Standalone,Annual Finance Standalone,Annual Finance Standalone,Annual Finance Standalone,Annual Finance Standalone,Annual Finance Standalone,Annual Finance Standalone,Annual Finance Standalone,Annual Finance Standalone,Annual Finance Standalone,Annual Finance Standalone,Annual Finance Standalone,Annual Finance Standalone,Annual Finance Standalone,Annual Finance Standalone,Annual Finance Standalone,Annual Finance Standalone,Annual Finance Standalone,Annual Finance Standalone,Annual Finance Standalone,Annual Finance Standalone,Finance S / Interim SQ,Finance S / Interim SQ
,,Rs. Million,Rs. Million,Rs. Million,Rs. Million,Rs. Million,Rs. Million,Rs. Million,Rs. Million,Rs. Million,Rs. Million,Rs. Million,Times,Rs. Million,Rs. Million,Rs. Million,Rs. Million,Rs. Million,Rs. Million,Rs. Million,Rs. Million,Rs. Million,Rs. Million,Rs. Million,Times,Rs. Million,Rs. Million
,,Jun 2011,Jun 2011,Jun 2011,Jun 2011,Jun 2011,Jun 2011,Jun 2011,Jun 2011,Jun 2011,Jun 2011,Jun 2011,Jun 2011,Jun 2012,Jun 2012,Jun 2012,Jun 2012,Jun 2012,Jun 2012,Jun 2012,Jun 2012,Jun 2012,Jun 2012,Jun 2012,Jun 2012,31 Jul 2012,31 Jul 2013
Company Name,NSE symbol,Total income,Sales,Income from financial services,Extra-ordinary income,Total expenses,Cost of goods sold,Borrowings,Current liabilities,Total assets,Current assets,Net cash flow from operating activities,PB on NSE,Total income,Sales,Income from financial services,Extra-ordinary income,Total expenses,Cost of goods sold,Borrowings,Current liabilities,Total assets,Current assets,Net cash flow from operating activities,PB on NSE,Market Capitalisation,Market Capitalisation
A B B India Ltd.,ABB,78176.80,77722.60,414.60,0.00,77175.10,62534.57,0.00,35269.80,66765.30,50434.40,1180.80,4.88,80334.10,80263.60,54.90,15.60,78966.90,63579.35,3276.80,32978.20,85908.80,51625.70,-502.20,5.72,168668.47,105922.40
A C C Ltd.,ACC,111455.60,105045.90,1919.10,0.00,99132.00,44727.80,5107.30,25949.30,121652.60,30066.90,14738.90,2.97,129788.70,125071.70,2586.70,61.50,118976.60,53992.66,1630.60,24793.60,121427.10,23059.20,14917.20,3.64,248612.40,220328.56
Aban Offshore Ltd.,ABAN,12673.20,11913.80,709.10,4.10,10333.70,3251.58,29024.80,2806.60,56723.20,4232.90,5625.10,1.32,7144.30,6389.10,545.90,0.00,8351.60,2422.41,26903.30,3500.20,51917.60,3313.90,2513.40,1.05,16595.02,11098.89
Adani Enterprises Ltd.,ADANIENT,34628.10,29129.60,5051.60,65.60,34159.60,25407.64,7968.10,8874.70,116502.30,17071.50,-4074.60,7.50,57664.00,52748.50,4278.80,525.00,55588.50,44651.20,15627.70,24374.70,142148.90,30103.90,2015.90,3.35,198955.64,192466.76
Adani Ports & Special Economic Zone Ltd.,ADANIPORTS,20052.90,17319.80,2338.80,329.10,10191.30,6285.39,27098.50,10415.70,85106.20,5650.10,12591.60,6.38,25221.50,23084.50,2061.40,9.50,13448.90,8156.28,61726.90,10946.90,131780.40,13585.80,12874.40,4.97,241308.82,259273.97
Adani Power Ltd.,ADANIPOWER,21942.80,21064.30,865.50,6.60,16705.30,9212.45,173460.60,14983.80,259012.20,13327.80,14502.00,3.89,41942.70,39512.70,2390.80,28.60,44881.90,27790.28,269428.70,20437.00,361185.00,49827.90,5407.80,2.48,95267.54,100660.87
Aditya Birla Nuvo Ltd.,ABIRLANUVO,68044.90,67135.50,586.50,,65873.80,47059.87,32872.10,11858.90,102486.50,24919.00,3321.10,1.71,90819.30,88681.20,1729.00,0.90,88327.40,64384.55,45611.20,16249.60,125521.60,39633.40,3965.20,1.89,89162.88,140109.89
Allahabad Bank,ALBK,124765.60,,121377.40,0.40,110534.50,12469.80,69181.70,38977.70,1512910.50,122887.40,53608.30,1.43,170636.50,,168425.50,1.00,151968.60,13574.82,90944.80,36828.80,1829576.10,153086.30,124247.90,0.96,66903.50,35726.87
Alok Industries Ltd.,ALOKTEXT,67553.50,66335.70,1196.50,,65735.40,44901.24,98493.40,6616.60,142969.70,50258.10,11260.80,0.56,94715.40,92669.80,1758.20,220.50,106076.70,60727.29,127865.00,9176.00,183341.80,69614.10,-1153.90,0.44,13013.74,9020.11
Ambuja Cements Ltd.,AMBUJACEM,100661.30,96732.80,2108.40,332.00,87794.40,41263.26,493.60,15881.90,116317.40,35178.60,14830.50,2.95,114027.30,110053.80,2820.50,293.30,103065.00,47404.30,428.10,15871.40,124272.60,37450.80,18283.50,3.52,277793.31,258729.76
Andhra Bank,ANDHRABANK,91885.00,,87660.80,8.60,79214.30,7999.65,76397.40,21036.90,1091092.40,115164.90,2441.30,1.30,122013.00,,117908.60,10.40,108566.30,8638.84,82405.60,24772.70,1245782.30,99133.60,37255.60,0.89,56881.34,36064.95
Apollo Tyres Ltd.,APOLLOTYRE,60755.40,60264.40,263.90,161.10,62860.10,45221.58,19079.80,10223.70,58032.50,15610.00,1533.10,1.85,89517.20,89354.40,74.90,,87570.50,70514.40,21482.20,10941.30,63794.70,16661.30,5391.20,1.96,39187.93,33920.87
Arvind Ltd.,ARVIND,27373.90,26666.90,375.90,301.20,26905.30,21063.66,18136.00,6263.90,43274.30,14081.40,2369.60,1.18,39420.40,35236.60,3033.00,919.30,35043.80,26888.03,17717.60,6761.20,47699.00,13468.90,3843.80,1.21,18514.59,20333.79
Ashok Leyland Ltd.,ASHOKLEY,124372.40,123927.80,293.30,18.90,119814.80,95024.83,25682.70,31227.90,106173.80,37728.40,8804.70,2.85,143971.40,141964.10,1829.50,34.80,140061.90,110204.72,30978.90,36182.20,119420.50,38997.10,11041.50,2.79,59333.09,36052.17
Asian Paints Ltd.,ASIANPAINT,73219.60,72582.90,433.50,19.00,67043.50,41162.01,657.50,11952.70,38891.70,15631.10,7432.50,12.27,92643.40,91393.10,933.10,4.00,84497.30,52586.69,1682.20,14168.70,48261.40,20259.00,8804.80,12.50,349368.61,486888.80
Aurobindo Pharma Ltd.,AUROPHARMA,42870.00,42299.90,490.20,2.40,38295.80,30092.56,23177.10,7746.10,58826.80,29777.60,2445.70,2.22,43977.90,43787.30,71.00,5.80,43505.30,34565.02,27943.20,6382.70,61899.60,28585.10,1841.90,1.39,31732.22,49302.07
Axis Bank Ltd.,AXISBANK,197942.60,,194608.60,,164057.70,17302.86,262678.80,68448.70,2427460.30,251837.80,149622.50,3.03,274363.00,,270842.80,203.00,231940.90,20923.45,340716.70,70336.70,2856508.60,192709.00,67329.70,2.08,432662.40,485176.67
B E M L Ltd.,BEML,30443.90,28262.10,399.20,0.00,30426.20,21471.29,8159.50,9706.50,43103.90,32535.70,-1583.40,1.33,30042.40,29206.50,245.10,0.10,33758.00,21272.07,9596.40,14928.30,50591.50,36927.70,2418.20,1.25,13263.77,5973.90
B F Utilities Ltd.,BFUTILITIE,233.50,213.20,0.50,,256.20,107.12,1147.00,269.10,2200.50,224.50,-38.70,32.13,371.30,244.60,124.10,,240.70,103.83,1040.60,255.80,2234.20,282.40,283.30,22.64,15349.56,5689.70
B G R Energy Systems Ltd.,BGRENERGY,47802.70,47611.50,185.50,,44593.20,39754.47,13362.50,23842.50,52482.70,41715.20,-1942.40,3.62,34684.70,34632.10,49.00,,32447.80,27648.32,17681.20,22984.60,58636.80,46408.10,-1571.50,2.12,20122.25,6094.04
Bajaj Auto Ltd.,BAJAJ-AUTO,187525.90,173322.20,5064.40,8388.10,154956.50,127995.18,3262.20,24255.80,94194.80,26969.90,14857.80,8.62,211213.90,204791.80,5556.40,105.50,182114.90,152760.52,1250.30,26916.40,112451.40,39857.20,30054.00,8.04,464231.51,559852.84
Bajaj Hindusthan Sugar Ltd.,BAJAJHIND,52034.90,50588.80,1257.80,,43030.20,41985.82,51967.30,13270.50,102317.80,17336.90,15792.30,0.78,46444.40,44134.20,2043.20,,49369.80,39377.16,57080.00,3503.50,107148.60,13423.40,-4675.50,0.50,19437.76,8535.99
Bajaj Holdings & Invst. Ltd.,BAJAJHLDNG,10788.30,1.50,10743.20,,787.40,18.59,,254.80,50913.70,2235.00,6917.80,1.92,6569.50,1.10,6524.60,,894.90,10.61,,278.20,53014.40,5063.60,5923.10,1.87,85261.96,91049.22
Balrampur Chini Mills Ltd.,BALRAMCHIN,30925.80,30686.60,164.40,32.00,41255.90,23935.44,20082.80,2395.00,39896.10,17668.90,-6318.80,1.39,24171.50,23909.10,174.30,19.10,29139.80,20474.72,19868.00,7660.10,42931.40,23407.80,1920.60,1.15,13241.81,8868.60
Bank Of Baroda,BANKBARODA,249754.10,,239231.20,13.70,207337.30,21933.46,223078.60,64688.60,3583971.80,532443.10,149301.80,1.91,335891.80,,322593.20,25.70,285822.20,23079.98,235730.50,86944.40,4473214.70,713022.20,255458.00,1.24,269738.05,236577.54
Bank Of India,BANKINDIA,243934.90,,237835.70,,219047.80,26977.12,220213.70,122682.70,3511725.60,466900.20,260194.20,1.63,330920.80,,320800.20,7.50,304145.60,24704.24,321142.30,112176.50,3845354.80,423076.20,-105417.30,1.05,170929.17,110063.16
Bata India Ltd.,BATAINDIA,16959.90,15650.80,1188.10,25.00,15598.20,10208.77,,2782.50,9242.10,5497.50,697.90,6.25,19020.60,18717.60,135.10,9.60,17944.10,12179.12,,3506.00,11304.50,7009.70,1784.00,8.30,57185.12,61879.58
Bharat Electronics Ltd.,BEL,59434.50,55776.30,2726.70,13.60,50913.40,41554.14,4.10,75850.30,156926.50,123718.90,30175.30,2.69,64312.00,57985.90,5751.10,21.20,56941.10,48450.64,0.90,86322.10,173585.00,127414.00,1208.60,2.16,92968.00,88264.00
Bharat Forge Ltd.,BHARATFORG,31502.10,31034.00,306.50,,28752.00,21164.98,14733.80,6905.70,44869.60,12059.80,3410.10,4.05,39270.70,38594.90,630.20,6.30,35812.20,26225.86,19810.20,9074.20,53837.40,18033.10,6715.00,3.48,69896.49,47443.48
Bharat Heavy Electricals Ltd.,BHEL,459906.50,440028.10,7564.80,42.70,401068.00,287455.49,1633.40,313465.70,677157.40,490661.20,26586.10,5.01,529802.60,502563.90,9349.20,40.10,467635.00,342625.64,1930.10,335684.30,777965.10,585979.00,-8135.70,2.48,527824.94,387455.08
Bharat Petroleum Corpn. Ltd.,BPCL,1650841.00,1633126.00,11154.50,,1655936.20,1432628.17,189718.70,195058.90,571988.20,238588.30,30091.00,1.57,2242607.70,2225004.70,8552.50,771.90,2235512.70,2017620.30,229936.90,245412.10,666544.40,332918.20,8547.60,1.70,262696.51,234098.53
Bharti Airtel Ltd.,BHARTIARTL,385095.00,380177.00,2102.00,5.00,307926.00,229357.40,118975.00,133996.00,796311.00,35530.00,132302.00,3.08,422475.00,416038.00,5530.00,,365175.00,266831.30,153014.00,125977.00,901466.00,46895.00,113762.00,2.60,1139448.91,1377104.34
Bhushan Steel Ltd.,BHUSANSTL,76458.10,75762.90,671.50,18.90,71124.60,47753.53,165926.40,20191.60,252715.40,44021.50,10077.00,1.59,108199.70,107926.40,173.60,99.60,98743.10,69342.97,215752.70,30025.70,334677.40,58105.00,28495.80,1.21,100636.60,104468.96
Biocon Ltd.,BIOCON,17437.00,16005.00,469.00,,13122.00,9918.10,1688.00,3196.00,26141.00,9157.00,3479.00,3.55,17494.00,16036.00,546.00,0.00,15353.00,11397.00,1613.00,3789.00,28308.00,8430.00,1508.00,2.28,48180.00,63030.00
Bombay Dyeing & Mfg. Co. Ltd.,BOMDYEING,20143.90,19717.20,299.90,,28433.20,23113.30,12408.70,2812.90,28113.30,12549.70,5519.70,4.61,24033.50,23566.80,360.00,0.00,30273.80,24646.55,13012.90,4626.00,37247.50,22641.00,1017.90,5.78,20771.21,9707.14
Bosch Ltd.,BOSCHLTD,91004.00,86860.00,3194.00,9.00,81871.00,59143.40,3071.00,15272.00,71576.00,31607.00,3809.00,4.50,97441.00,93201.00,3679.00,13.00,87298.00,65187.50,2304.00,13736.00,79370.00,37773.00,8456.00,5.36,280836.47,282720.41
C E S C Ltd.,CESC,43191.00,42333.90,830.30,,38307.00,29595.20,30165.80,30068.70,120015.50,17421.20,9925.10,0.90,48968.10,47389.10,880.50,16.80,43425.00,33517.92,30769.80,34610.20,127315.20,22101.00,10148.40,0.70,37224.66,40116.93
Cairn India Ltd.,CAIRN,951.00,23.90,927.10,,3077.70,221.40,13500.00,1538.00,333192.70,6736.40,-531.00,2.10,2489.30,0.00,2456.20,0.00,2049.70,413.95,12500.00,942.00,332656.60,4707.00,-1210.70,2.00,636669.70,563866.92
Canara Bank,CANBK,283454.70,,269441.20,4.50,243195.80,23777.47,142616.40,80654.30,3362348.70,372109.50,181173.50,1.55,339456.30,,326619.70,21.30,306629.20,24210.19,155253.90,79444.60,3744671.20,350058.70,162052.20,1.02,162226.60,121337.70
Central Bank Of India,CENTRALBK,164857.20,,162106.40,,152333.10,20707.59,128879.90,64936.30,2101306.30,196305.50,-69789.30,1.64,205452.30,,203222.50,,200121.90,18051.78,129195.90,78002.70,2300593.20,173511.50,32490.30,0.83,52853.09,58653.00
Century Textiles & Inds. Ltd.,CENTURYTEX,52881.90,52236.20,87.10,214.30,50887.60,30341.61,30093.00,8053.50,64848.40,14577.50,4763.50,1.68,54628.00,54127.60,115.10,28.50,54856.70,32499.15,39205.80,7977.80,80649.00,15156.70,3403.70,1.81,27001.86,20325.83
Chambal Fertilisers & Chemicals Ltd.,CHAMBLFERT,47506.40,46602.60,694.30,75.40,45390.80,35234.24,24836.90,2630.10,48266.40,13570.10,5663.30,2.03,66758.70,64801.70,1180.90,28.00,65581.00,50578.45,35568.80,3678.00,63355.70,28254.80,-5961.60,1.81,29675.62,14608.90
Cipla Ltd.,CIPLA,64903.70,64003.80,374.60,107.00,56686.90,43066.56,4706.40,9319.10,89881.90,37211.90,9500.00,3.91,72230.30,70775.60,1125.00,11.60,60878.30,45047.73,378.70,9229.70,96371.90,36793.50,16190.40,3.25,271869.17,321409.42
Coal India Ltd.,COALINDIA,57234.20,6497.20,48862.50,,10358.60,3084.16,13704.30,74108.50,276867.50,118777.10,1209.30,12.28,96243.20,6738.00,88416.90,0.20,15421.60,3250.68,13627.20,83400.90,307229.70,158915.30,92883.50,11.10,2269785.55,1778372.40
Colgate-Palmolive (India) Ltd.,COLPAL,24316.80,23829.50,304.90,,20591.60,11936.88,0.50,5915.90,14922.60,6322.30,3126.80,28.83,28562.20,28055.40,419.80,2.90,24583.20,14217.92,0.50,5869.10,16804.10,6219.80,3318.80,34.93,157513.68,187112.52
Core Education & Technologies Ltd.,COREEDUTEC,5298.50,5155.90,141.90,,4169.30,2635.87,7948.60,893.80,18934.90,4303.80,1355.60,3.50,9576.50,8784.00,667.00,,7346.10,3697.50,12070.80,1494.00,27022.90,4930.10,2833.40,2.51,32799.18,2644.58
Crompton Greaves Ltd.,CROMPGREAV,65073.30,64111.80,922.80,,58698.40,46393.00,134.00,15293.40,44183.70,21739.50,2393.80,7.64,70088.60,69344.70,649.90,,65113.90,53516.10,74.50,16686.40,46683.70,26152.50,3737.00,3.30,74509.24,53953.63
Cummins India Ltd.,CUMMINSIND,43803.40,42878.50,591.70,,38356.30,30115.47,,7000.60,29070.80,13479.00,4292.50,7.65,45869.60,44105.30,1436.90,0.50,40545.90,31228.14,,6829.70,31499.90,14788.20,4383.20,6.72,118475.28,118641.60
D C B Bank Ltd.,DCBBANK,6483.60,,6367.00,10.50,6269.30,1014.04,8607.10,2951.90,74250.20,6150.80,868.10,1.62,8205.30,,8142.50,,7654.50,1143.41,11234.50,3312.30,86872.70,5973.10,-1765.80,1.34,9675.01,11556.56
D L F Ltd.,DLF,41843.30,29119.60,12211.90,0.00,29147.50,7474.73,150595.50,53069.40,347905.60,132397.50,14860.30,3.30,45918.00,34873.90,10581.30,0.30,35500.10,11842.27,159551.00,49639.50,360911.30,144058.50,4192.00,2.36,355056.50,266713.99
Dabur India Ltd.,DABUR,33404.00,33060.90,264.90,17.20,29469.00,19377.57,2533.50,5312.90,24410.70,8805.80,3190.20,15.19,38741.50,37958.50,758.60,6.50,34702.40,23387.54,2771.60,6407.90,28778.60,10887.10,4862.20,14.25,207913.50,281422.18
Delta Corp Ltd.,DELTACORP,2748.60,2500.00,213.20,,1462.30,868.80,656.90,33.00,7144.00,485.90,1010.80,2.73,695.70,539.00,156.60,,230.90,59.80,47.20,32.00,7663.60,1077.70,158.60,2.26,12920.08,11535.40
Dena Bank,DENABANK,55877.00,,52824.80,,49760.70,4916.09,16916.60,11048.40,708387.10,60724.10,30301.20,1.00,75151.60,,71077.40,,67120.20,5204.57,38809.50,16116.40,873879.30,63741.60,24822.00,0.73,32257.89,18745.63
Dish T V India Ltd.,DISHTV,15245.90,12380.20,2828.00,,17159.40,11097.15,10862.60,12106.80,26878.10,3486.00,4004.40,113.61,20156.90,17372.50,2756.20,,21769.80,14580.23,14223.70,8055.50,26358.40,4369.70,4736.90,-72.57,73714.32,53406.14
Divi'S Laboratories Ltd.,DIVISLAB,13581.30,13290.60,288.80,,8879.60,7522.57,230.40,2313.80,23116.10,9540.30,3261.00,4.90,19287.00,18627.40,639.20,,13936.30,10562.91,554.40,2955.70,28048.30,12144.70,3444.70,4.68,145569.70,124332.21
Dr. Reddy'S Laboratories Ltd.,DRREDDY,59415.00,57779.00,1097.00,,51271.00,34918.50,14448.00,11508.00,102673.00,30888.00,2463.00,4.61,68707.00,67802.00,774.00,,60631.00,37848.30,15354.00,17221.00,117536.00,42071.00,14030.00,4.45,274231.29,387960.31
Educomp Solutions Ltd.,EDUCOMP,10698.60,10206.70,390.00,,6879.80,4334.24,6713.70,2456.00,26490.20,8451.20,3271.20,2.47,10955.90,10765.10,91.30,,9477.00,5650.80,9494.40,3387.90,31598.20,11567.90,1571.60,1.02,19128.83,3042.66
Escorts Ltd.,ESCORTS,33533.50,32641.20,377.90,9.90,32681.30,26901.03,3718.30,8570.90,32452.30,10408.00,1862.50,0.43,40477.00,39972.00,388.70,10.90,40359.10,32941.29,5544.50,10630.40,35280.70,12296.40,577.50,0.43,6136.41,9444.55
Essar Oil Ltd.,ESSAROIL,536966.50,534114.40,2386.90,0.00,551059.80,442730.12,146116.30,156154.30,347838.70,128377.20,11802.00,4.83,638525.30,632516.60,5577.40,0.80,661261.10,556183.15,190660.40,188132.10,418236.10,161551.70,4768.00,3.39,75931.09,70331.85
Exide Industries Ltd.,EXIDEIND,52270.90,50469.40,1019.80,678.40,47484.40,32903.07,21.50,6587.40,36229.00,12527.70,3977.90,4.49,57504.90,56783.10,637.40,2.80,53107.50,39351.69,,7867.10,41059.70,14303.00,5100.60,4.18,109097.50,104635.00
Federal Bank Ltd.,FEDERALBNK,45688.40,,44087.60,3.30,39817.60,4249.21,18883.60,10808.40,516990.80,43356.60,23310.40,1.40,60907.30,,59813.60,3.30,53139.30,4790.94,42410.30,13031.40,606267.70,45216.80,5931.00,1.28,70864.98,59811.95
Financial Technologies (India) Ltd.,FINANTECH,5746.40,3576.70,1451.70,,4827.10,1218.31,4040.80,864.70,27724.00,1922.00,-516.60,1.93,8705.70,4255.50,4412.20,0.00,3925.40,1246.93,5627.20,1954.80,32250.50,4509.00,3102.30,1.31,33206.50,24875.50
Fortis Healthcare Ltd.,FORTIS,4409.90,2522.20,1838.20,,2991.80,1751.49,4492.90,984.40,35857.70,2189.30,-0.50,2.03,5855.20,2654.30,3197.70,,3841.30,1999.78,11096.10,1680.40,45108.00,1596.40,1005.00,1.27,39788.65,44848.11
G A I L (India) Ltd.,GAIL,334264.90,329849.70,4112.30,145.70,299978.50,259584.34,23100.00,47543.70,327626.70,51092.70,30772.50,3.06,416356.60,409390.00,4272.20,,384796.80,328820.93,53468.50,59838.50,418360.40,64288.50,44877.40,2.21,448850.73,382065.39
G M R Infrastructure Ltd.,GMRINFRA,7343.80,5426.30,1861.00,,6755.00,4220.77,23760.80,3722.60,99344.30,7707.90,77.10,2.20,14318.20,11035.60,3247.20,,13115.20,9700.72,29601.30,5757.10,107926.90,11956.40,-1203.70,1.67,90499.11,50017.79
G V K Power & Infrastructure Ltd.,GVKPIL,1231.10,414.80,813.40,,548.30,152.54,1009.50,27.90,26396.10,74.20,-229.80,1.61,405.80,276.00,121.50,,488.50,79.43,4165.90,17.70,29469.00,2983.00,190.10,1.09,20450.77,9238.38
Glaxosmithkline Pharmaceuticals Ltd.,GLAXO,26489.40,24686.70,1603.20,,22744.30,12252.90,49.00,2713.90,30256.90,24732.50,2682.80,8.58,29397.60,27425.20,1866.10,1.80,23099.20,14912.63,45.90,3280.60,58507.10,25183.60,2353.60,9.14,178719.13,200589.45
Godrej Industries Ltd.,GODREJIND,13186.30,11264.20,1583.80,248.30,12083.60,8791.10,5543.40,4748.30,22860.40,3579.20,1014.60,5.36,16357.60,13650.50,2619.60,,14433.50,10956.84,5067.30,7675.50,26766.00,5571.00,1949.60,6.73,79724.98,88101.19
Grasim Industries Ltd.,GRASIM,53592.70,50320.30,2563.00,334.70,41901.00,28279.88,8137.60,3708.70,100177.80,9295.10,9729.90,2.77,58397.80,53710.90,4531.30,8.90,48163.70,32911.59,7197.20,5078.50,110481.00,11754.80,7741.40,2.65,263264.60,242967.79
Great Eastern Shipping Co. Ltd.,GESHIP,16643.40,13818.40,1555.50,1056.90,13978.80,8005.03,36158.20,2033.00,96127.30,9407.10,6783.30,0.73,20393.90,17096.20,2260.20,772.40,18960.50,11888.90,38744.20,2505.90,99295.00,18413.80,1047.90,0.73,39618.16,33571.79
Gujarat Fluorochemicals Ltd.,GUJFLUORO,11106.40,8148.20,981.30,71.50,8040.90,5484.74,5830.70,4202.00,29267.20,3822.80,2839.50,2.25,21497.50,12518.30,534.60,490.40,18184.20,5754.74,8511.80,2904.10,34627.20,8752.60,4259.20,2.62,38150.90,27912.88
Gujarat Mineral Devp. Corpn. Ltd.,GMDCLTD,14707.40,14306.50,194.40,12.40,10916.50,6587.36,1330.20,3579.90,26868.60,1450.00,3887.00,2.58,17718.00,16973.70,473.90,6.70,12813.50,6727.48,,5304.70,33020.30,1930.30,5618.00,2.83,59243.40,27618.30
Gujarat State Petronet Ltd.,GSPL,10919.00,10465.20,206.90,,5855.20,1782.61,14781.90,2948.70,41151.40,3772.60,5975.00,2.78,11746.40,11232.90,497.80,,6525.80,2151.57,13958.40,2129.80,44698.40,6832.60,7935.30,1.75,39726.55,27882.70
H C L Technologies Ltd.,HCLTECH,69610.50,67944.80,1564.30,14.30,58723.10,31419.93,10874.70,15153.40,97766.60,36306.40,14101.30,5.82,92084.40,89072.20,2874.40,28.40,72322.20,38773.72,10457.80,22668.80,120610.90,42974.70,20222.40,5.00,359502.15,653350.33
H D F C Bank Ltd.,HDFCBANK,244867.60,,244772.80,,205603.60,27460.38,143940.60,266053.90,2774287.70,405932.50,110220.60,4.30,341488.50,,334528.40,15.10,289817.60,32262.70,238465.10,339132.70,3379715.10,380737.10,95850.80,4.08,1385685.03,1456911.13
Havells India Ltd.,HAVELLS,31970.80,31788.90,107.70,5.40,30688.30,22001.00,1336.20,5844.20,21794.00,6435.00,3365.70,3.45,40109.40,40037.70,7.80,1.30,38193.90,26715.48,1287.00,7253.40,26614.00,9579.30,3521.50,4.44,66966.64,75947.19
Hero Motocorp Ltd.,HEROMOTOCO,214877.00,211489.70,2956.20,4.60,195868.00,158903.97,21518.00,28927.50,107411.80,7892.30,19131.60,10.74,259777.00,255450.30,3647.70,24.00,236936.00,194449.88,17308.30,25699.30,99046.70,11003.30,20196.40,9.57,400373.44,205876.55
Hexaware Technologies Ltd.,HEXAWARE,7574.80,6802.00,676.40,1.30,5255.00,2948.13,,2737.50,12403.50,5736.00,1086.70,2.57,9599.70,9177.00,389.70,0.50,6743.70,3725.52,,2309.70,13188.80,3892.40,1972.10,2.56,33795.39,34763.88
Hindalco Industries Ltd.,HINDALCO,258382.60,253522.00,4762.30,,241049.70,193123.41,90398.90,54253.60,466727.80,94210.10,22144.70,1.35,290619.20,283013.40,7038.00,29.70,272265.20,218452.09,145734.40,66099.50,557974.70,102920.60,21220.70,0.79,229936.53,172503.93
Hindustan Construction Co. Ltd.,HCC,39853.20,39327.90,462.00,0.00,41044.80,30967.12,35850.50,30603.80,85166.40,49735.00,-97.60,1.45,41525.90,40297.60,1049.40,160.90,43748.40,31581.30,45255.30,28780.60,90419.40,51550.20,1699.00,1.20,10646.01,4822.55
Hindustan Oil Exploration Co. Ltd.,HINDOILEXP,3840.40,3577.00,75.50,1.00,3052.00,1793.50,5894.30,540.50,22273.90,1386.80,1631.00,2.23,2067.60,1673.10,141.70,0.20,1661.50,1076.98,5906.90,596.40,23245.90,1464.70,631.10,1.21,15489.55,3229.71
Hindustan Petroleum Corpn. Ltd.,HINDPETRO,1452879.00,1438789.10,12842.50,,1471878.60,1263564.23,250211.60,180997.40,613947.60,256137.30,10014.30,0.96,1906931.40,1895045.40,8127.50,,1906061.80,1698519.44,298312.30,230869.30,719651.70,333150.40,22262.70,0.78,116386.19,71670.46
Hindustan Unilever Ltd.,HINDUNILVR,211567.70,206399.40,2925.90,1800.90,191458.60,120321.94,,57828.40,104019.10,55513.40,16562.00,23.32,236379.00,231806.20,2824.90,1330.00,208155.00,139016.03,,54994.20,111980.20,52003.60,26270.90,25.24,1010314.49,1324622.41
Hindustan Zinc Ltd.,HINDZINC,114828.70,105650.20,8658.90,1.30,67380.20,40811.64,3.90,10076.00,250600.30,69110.20,42297.90,2.58,136238.10,120073.30,15421.40,6.90,80033.30,50166.57,3.90,9905.90,295041.90,68051.60,44920.50,2.08,504291.82,429503.68
Housing Development & Infrastructure Ltd.,HDIL,19237.00,18055.90,1165.10,0.00,34415.10,27451.50,41954.00,18768.30,161818.60,106578.90,-15354.40,0.78,10667.90,9064.80,1441.20,112.10,12775.50,5564.86,37693.10,23733.00,166785.30,110817.10,13419.60,0.36,33247.97,13931.88
Housing Development Finance Corpn. Ltd.,HDFC,130980.60,96.60,130716.70,,95664.60,1614.45,1151423.20,35790.10,1392919.30,67390.20,-173866.30,5.94,176111.60,96.90,175825.90,,134843.20,1883.14,1391548.60,52745.30,1675693.80,68562.40,,5.23,1039302.99,1244004.50
I C I C I Bank Ltd.,ICICIBANK,330829.60,,328699.00,411.70,279315.80,28049.08,1095542.80,126918.90,4066780.90,429589.30,-115777.00,2.33,414524.40,,412244.10,0.00,349871.80,32705.93,1401649.10,293967.00,4894963.20,640035.30,-26766.70,1.70,1108408.61,1049254.43
I D B I Bank Ltd.,IDBI,207070.80,,204589.60,,190567.60,9419.04,515696.50,45576.60,2533768.00,228850.90,-31812.20,1.11,255832.40,,253396.60,,235516.30,10388.42,534776.40,48332.00,2903163.60,208321.30,78320.10,0.76,112499.91,86763.49
I D F C Ltd.,IDFC,46100.30,100.50,45696.80,70.00,33329.10,1165.80,362972.70,11373.40,507219.30,35386.70,-116515.40,2.21,62189.50,117.20,61875.20,43.80,46160.30,1441.39,464287.80,14718.80,630634.70,36098.50,-92233.10,1.68,203617.17,165928.45
I F C I Ltd.,IFCI,32039.50,283.00,23911.40,340.90,25079.70,729.33,191873.10,11146.90,275839.80,8613.50,-32616.60,1.03,33266.90,286.00,27157.70,11.00,26630.70,713.25,213358.30,10857.50,300986.10,6229.10,-7199.30,0.72,26119.44,36398.62
I I F L Holdings Ltd.,IIFL,7998.80,,7992.70,0.00,6775.20,1827.98,4655.60,9333.80,27841.20,11545.70,1915.90,1.95,6391.10,,6233.40,143.60,5758.10,2018.11,168.00,8726.40,25453.10,8491.10,4149.50,1.51,14916.89,14743.06
I R B Infrastructure Developers Ltd.,IRB,3733.60,2874.80,857.20,,2832.00,2252.20,14015.60,4200.20,32840.50,10793.40,-380.60,5.00,14529.30,12498.10,2031.20,,12870.00,10882.32,18112.50,11556.20,44863.10,10870.70,8526.60,4.09,42143.77,24162.87
I T C Ltd.,ITC,314430.80,308192.80,5712.70,,268013.50,108047.41,992.00,44732.20,258714.00,85200.40,46991.40,8.86,360839.20,352208.90,8216.10,,300702.60,125352.98,891.20,48234.00,294368.30,96046.90,54575.60,9.47,2022105.21,2702143.40
I V R C L Ltd.,IVRCLINFRA,57161.10,56565.20,504.60,,55594.20,47082.81,20958.10,26693.60,73967.40,43149.80,2010.10,1.10,63475.20,61779.70,1560.90,,63294.40,51643.08,26426.90,29418.00,86535.90,42281.00,4360.50,0.62,11761.78,3575.23
Idea Cellular Ltd.,IDEA,155067.30,153328.10,1177.20,,146621.30,114262.04,105902.70,52909.00,295989.90,16897.20,45230.30,1.81,193604.90,192753.20,350.80,30.70,187839.50,141014.84,121290.80,52224.10,323952.90,15843.30,30550.10,2.53,264624.91,560266.29
India Cements Ltd.,INDIACEM,40136.70,39719.70,382.90,5.90,39569.70,18897.12,24560.70,9918.70,79620.60,8106.70,2806.30,0.83,47418.30,47227.80,71.30,6.40,44457.00,20136.57,27009.50,10246.80,82730.20,7432.40,8212.60,0.96,25649.42,15911.85
Indiabulls Real Estate Ltd.,IBREALEST,1741.90,1595.70,146.00,,1412.60,351.57,15967.60,248.40,76865.50,1431.70,216.40,0.84,2227.20,1420.60,783.40,,2082.70,221.56,11254.20,242.00,69330.50,1192.60,1147.90,0.52,25630.09,26945.88
Indian Bank,INDIANB,107506.50,,101516.10,15.90,90365.80,9258.55,21003.70,37479.40,1217183.20,92951.80,61792.40,1.26,134253.70,,129510.40,11.10,116784.00,10603.33,48728.70,42762.70,1414191.90,104092.10,12232.00,1.14,76413.11,34811.37
Indian Hotels Co. Ltd.,INDHOTEL,17725.10,16734.50,705.20,42.90,16312.60,9251.67,23414.40,4134.30,69215.90,3080.50,4663.90,2.05,19201.00,18087.30,841.80,,17747.50,10409.77,26793.80,4957.90,75460.10,2564.00,4486.20,1.49,47762.02,35730.67
Indian Oil Corpn. Ltd.,IOC,3618639.20,3578711.60,33109.20,,3593925.30,3059401.06,527338.70,554794.30,1868069.50,760309.10,56838.90,1.46,4312202.90,4268758.90,26490.60,,4301189.90,3678069.87,754472.90,562471.90,2175219.60,969601.60,-27597.70,1.10,655304.37,497487.46
Indian Overseas Bank,IOB,133794.90,,130561.70,10.20,123069.50,13703.78,193554.00,37856.20,1787842.80,156044.70,26325.30,1.09,196051.30,,191849.60,25.00,185550.00,15678.28,236138.50,47702.60,2196371.50,192286.10,66219.10,0.70,57782.37,38812.00
Indraprastha Gas Ltd.,IGL,19764.00,19689.60,52.80,,17174.00,12564.19,3464.90,2896.40,23942.30,1641.70,4097.90,4.18,28209.00,28124.50,61.20,,25154.10,18935.25,5390.20,4051.20,28475.90,2389.90,6121.10,4.32,32697.04,36680.04
Indusind Bank Ltd.,INDUSINDBK,43058.80,,42115.10,,37285.50,3670.15,55254.30,15918.20,456905.90,67481.10,37657.00,3.21,63720.10,,59424.00,5.90,55694.00,4620.98,86820.10,16720.30,576724.80,70918.90,1875.40,3.33,156664.07,202945.30
Infosys Ltd.,INFY,265320.00,253850.00,11420.00,,200890.00,105875.00,,13210.00,291130.00,215550.00,37460.00,7.60,336610.00,312540.00,23910.00,,251910.00,130687.00,,16120.00,361650.00,275050.00,55340.00,5.53,1278782.50,1705280.43
J S W Energy Ltd.,JSWENERGY,39811.50,38690.50,1007.70,,30955.40,24134.44,54690.60,12056.70,134938.70,19941.90,10318.00,1.95,51304.40,50164.20,1112.60,,48958.00,39787.59,53677.60,26778.40,149591.70,21597.30,16610.40,1.63,81674.73,68390.28
J S W Ispat Steel Ltd. [Merged],JSWISPAT,94455.70,89946.40,477.60,2240.50,113445.20,77274.78,66685.80,36127.40,135079.20,30558.60,-8029.30,199.51,129965.80,121235.50,170.20,3898.30,132645.60,100887.09,67937.20,41649.90,132634.20,23904.70,11697.40,-26.34,25923.35,
J S W Steel Ltd.,JSWSTEEL,255691.40,250920.90,2327.60,,243058.40,182242.13,119513.40,96673.30,416243.30,70928.60,20088.40,1.25,348999.70,347073.00,1784.80,0.80,336048.10,259600.96,159300.20,127933.30,505919.80,97831.60,21393.20,0.89,149064.60,136790.50
Jain Irrigation Systems Ltd.,JISLJALEQS,35045.20,34271.70,736.60,8.80,34566.10,22951.21,22125.10,12956.90,53919.00,29694.60,2037.10,4.14,39473.10,38761.00,150.70,3.90,36174.10,25977.47,28241.10,13481.50,63420.60,34222.20,2393.20,2.03,31295.36,21933.47
Jaiprakash Associates Ltd.,JPASSOCIAT,144214.80,135468.20,7403.90,,136770.70,83134.82,215137.20,52924.80,376835.20,94156.60,12200.40,2.15,136787.90,133095.60,2658.60,0.00,122894.70,76440.36,210557.30,58785.70,408723.80,138011.70,18326.80,1.44,156080.20,80219.87
Jaiprakash Power Ventures Ltd.,JPPOWER,8518.90,7097.70,876.90,0.10,6867.80,1277.88,120681.40,7759.00,183808.90,22722.10,10395.80,1.90,17032.50,15914.00,668.60,0.10,13655.00,2819.30,148124.20,12556.20,224176.80,12584.50,12160.50,1.96,83336.04,29526.93
Jet Airways (India) Ltd.,JETAIRWAYS,133182.30,123222.30,6420.10,,133085.40,77724.74,134909.50,38509.80,216672.90,28474.40,13186.40,4.61,157620.60,147725.60,5022.20,760.90,169981.60,101519.05,131404.40,63792.10,219577.30,31093.00,22406.10,-5.24,30609.72,30527.71
Jindal Saw Ltd.,JINDALSAW,45613.80,43452.60,490.00,0.30,41178.50,31336.51,16116.70,9026.60,68592.60,30086.50,-8162.90,1.41,55738.90,53754.90,329.60,2.60,58204.30,41997.62,25167.30,13406.90,77395.20,32785.00,-2067.30,1.36,33105.39,11601.39
Jindal Steel & Power Ltd.,JINDALSTEL,107816.20,104609.70,2902.40,21.30,90811.00,53495.69,121109.10,28125.50,264910.50,33111.20,13954.10,7.50,151724.30,147418.10,3758.10,110.60,134884.80,82619.53,157143.20,34592.20,336754.00,42985.50,29040.60,4.70,372671.50,186782.14
Jubilant Foodworks Ltd.,JUBLFOOD,6905.20,6792.50,19.40,,6187.70,4058.18,99.00,985.80,3087.50,283.00,1292.50,18.14,10365.00,10181.80,57.40,,9326.40,5981.59,130.70,1436.90,4758.10,370.50,1713.40,25.55,73274.26,73554.53
Karnataka Bank Ltd.,KTKBANK,26625.90,,26050.20,7.20,24579.80,2488.06,10863.30,7076.10,316930.10,22761.80,9709.80,0.83,34472.70,,33636.20,29.50,32012.00,2736.84,11470.80,8119.30,363215.70,23368.50,12717.50,0.69,18001.64,15256.26
Kotak Mahindra Bank Ltd.,KOTAKBANK,50452.70,,49573.10,0.20,42270.90,7154.39,117239.50,29859.60,508506.60,37714.90,-17791.00,4.94,72330.30,,71677.10,5.60,61479.80,8269.76,165955.20,24970.50,656667.90,43928.50,-1059.60,5.06,397926.55,500665.70
L I C Housing Finance Ltd.,LICHSGFIN,49047.50,4.80,48921.00,,39302.60,621.70,462554.20,24959.10,536326.90,7846.30,-104778.00,2.57,62545.10,3.10,62401.20,,53403.10,683.16,573947.60,17802.40,657696.00,8532.70,-116350.20,2.34,132246.94,83622.66
Lanco Infratech Ltd.,LITL,61343.00,58091.10,961.70,10.40,61971.30,53703.26,37970.80,84688.00,157995.70,43507.60,37167.40,2.77,89082.90,88387.20,347.40,4.30,90003.50,79009.27,42212.60,117425.50,196903.70,42469.80,39653.10,1.22,30458.73,12520.59
Larsen & Toubro Ltd.,LT,459526.50,442291.50,12737.50,2143.10,425279.70,339301.89,71611.10,255949.80,594625.40,272453.70,37292.90,4.61,553923.10,535572.00,15484.60,132.40,514914.50,421803.09,98957.70,299514.30,705601.10,396626.50,9682.20,3.18,840552.28,783830.94
Lupin Ltd.,LUPIN,45563.40,45018.00,165.80,30.00,37468.70,31403.21,9832.90,6978.90,55299.90,22371.50,4390.00,5.90,54556.40,54105.20,34.90,43.40,47838.00,36420.16,10990.20,8799.40,62132.40,29152.30,4561.00,6.33,268551.14,390109.74
M R F Ltd.,MRF,110750.70,106448.60,17.30,108.40,107873.90,82874.27,15996.40,20902.90,63512.90,28967.00,6336.90,1.22,130938.60,130617.50,16.30,174.40,125588.30,97954.58,17079.40,22252.80,72320.70,31668.30,10227.70,1.52,40682.10,56057.10
Mahanagar Telephone Nigam Ltd.,MTNL,39946.00,36843.20,1033.50,25.80,67965.10,47195.16,74556.80,56008.30,288543.40,44682.50,-110046.70,0.43,36252.40,33927.80,548.20,36.00,77350.20,50849.50,96474.90,58101.20,283799.80,49071.10,-7542.20,0.68,19152.00,8788.50
Mahindra & Mahindra Ltd.,M&M,261315.00,255381.40,4465.00,205.40,236716.30,183990.27,24044.70,47860.00,198109.70,40990.70,29055.50,4.17,349463.50,343481.80,3415.30,1332.20,326647.90,261262.84,35807.60,58312.80,240519.20,60584.90,26383.90,3.55,430308.41,561324.32
Mangalore Refinery & Petrochemicals Ltd.,MRPL,439672.40,437294.00,2033.20,0.00,436058.80,370529.93,15569.90,95653.70,188614.50,91434.00,19203.80,1.73,575653.80,572097.90,3291.40,88.50,568070.10,517868.25,61831.10,119569.70,263806.70,135985.20,2462.70,1.65,102439.40,57047.09
Maruti Suzuki India Ltd.,MARUTI,415731.00,405864.00,4539.00,,393537.00,322680.00,4316.00,34358.00,246588.00,50060.00,27843.00,2.63,405746.00,393624.00,6882.00,,390980.00,322120.50,13735.00,47405.00,287871.00,55764.00,25248.00,2.57,327869.58,400648.78
Max India Ltd.,MAX,5204.50,4514.70,485.90,,5669.50,3725.83,6241.00,729.40,30142.60,5849.00,-266.20,1.70,8018.70,7445.30,571.40,,8178.40,6132.59,1186.10,557.40,30983.20,3500.20,-433.90,1.56,46667.28,50541.14
Mcleod Russel India Ltd.,MCLEODRUSS,11354.00,11034.40,147.70,34.20,9147.10,5278.02,2088.10,1109.20,20928.90,2251.70,1752.80,2.89,12886.70,12435.10,282.20,38.30,10585.90,6299.02,1747.60,1350.20,22370.70,2843.40,2266.10,2.70,35151.71,31359.07
Mphasis Ltd.,MPHASIS,36685.00,33732.90,1908.30,16.50,28864.90,19478.40,2436.40,6169.90,45868.30,16054.30,6249.80,2.12,37134.20,35482.30,1445.90,24.70,31023.70,20636.46,2690.30,6369.10,51033.40,15681.00,7266.00,2.24,83557.60,84229.45
N C C Ltd.,NCC,51793.70,50737.30,963.40,25.50,51296.50,43834.42,24840.60,19030.60,71282.20,24868.10,-2513.80,1.09,53710.70,52504.70,1126.40,6.00,55750.90,47081.89,22341.50,33340.40,82989.30,26276.20,9763.40,0.60,9621.89,5901.43
N H P C Ltd.,NHPC,59485.30,43052.90,7612.40,281.70,37800.20,15641.43,145692.60,37561.90,503827.10,89017.10,28925.30,1.27,69108.40,52973.40,10968.90,772.40,41358.20,16568.57,176411.40,37836.70,529769.90,111902.00,19406.60,0.92,224488.56,204192.33
N M D C Ltd.,NMDC,125862.00,113757.70,11103.30,13.30,62002.60,16245.89,,7718.70,283510.60,185269.30,47173.70,5.87,132926.80,112687.30,19658.00,115.50,60491.20,18954.97,,9703.80,351812.90,221607.40,43301.00,2.62,742591.31,388145.70
N T P C Ltd.,NTPC,592926.30,543737.10,23443.50,81.60,501900.40,411760.02,431923.60,112988.90,1392843.20,318205.80,105669.70,2.35,658959.90,611154.30,31899.40,132.80,566722.60,482489.70,502823.30,127829.50,1503259.60,365017.30,94524.60,1.83,1294537.91,1077682.20
Nagarjuna Oil Refinery Ltd.,NAGAROIL,,,,,0.10,0.00,0.00,,0.40,0.40,-0.10,NA,,,,,7.40,4.86,6.50,0.10,7775.70,0.20,-6.80,0.35,2654.73,1284.55
Oil & Natural Gas Corpn. Ltd.,ONGC,740875.10,702236.00,25302.50,,551764.20,497006.38,0.00,188133.00,1848476.00,235343.50,370509.60,2.56,880147.30,797059.80,36109.40,,629831.50,415965.48,45000.00,195173.60,2113778.50,339440.00,338962.00,2.03,2447297.95,2487080.98
Oil India Ltd.,OIL,125579.30,115970.30,8191.20,,96778.40,30161.19,10267.90,21380.30,214178.20,137528.30,29164.10,2.02,112824.90,98473.50,13787.40,,78443.90,34270.67,188.80,23085.80,233211.60,132928.60,28184.40,1.69,298343.77,310907.52
Onmobile Global Ltd.,ONMOBILE,5018.00,4550.30,461.30,1.50,4101.60,2603.27,315.40,2180.00,12343.40,2608.90,745.70,1.75,5622.90,4998.30,585.40,1.50,5120.10,2983.91,645.10,2198.00,13099.20,3759.80,813.10,0.83,4170.18,2256.09
Opto Circuits (India) Ltd.,OPTOCIRCUI,6395.90,6032.00,360.70,,4440.50,3550.05,7240.10,1461.20,20440.20,5914.70,1180.10,4.83,6710.90,6697.40,13.50,,4497.70,3805.95,6574.80,233.90,20056.10,5683.80,-295.20,4.02,37280.84,5791.43
Oracle Financial Services Software Ltd.,OFSS,25227.20,23605.10,1383.20,5.00,15547.40,8362.76,,5655.70,66362.60,37434.40,7166.30,3.24,33084.40,25898.90,6862.20,0.00,22192.10,9628.09,,7531.00,81711.90,51574.20,4777.90,3.52,214520.91,248763.22
Orchid Chemicals & Pharmaceuticals Ltd.,ORCHIDCHEM,17704.80,16808.10,764.40,95.50,17333.80,11874.81,20691.20,3218.80,38883.80,12713.30,3121.20,1.87,19823.10,17506.20,423.80,800.00,18511.80,12624.69,19960.50,5264.90,38986.30,8875.30,7638.90,1.14,7707.46,2631.39
Oriental Bank Of Commerce,ORIENTBANK,131224.70,,129675.80,6.30,116196.00,9199.15,56392.10,51799.70,1617623.70,144509.30,89946.40,1.11,171326.00,,169651.40,36.00,159910.40,10411.10,52590.50,38373.10,1779985.90,113701.80,10641.10,0.66,69380.81,45266.75
P T C India Ltd.,PTC,89402.40,88748.00,606.60,,88017.20,86352.73,,5702.90,29762.90,16761.30,-1473.10,1.13,76232.10,75737.00,490.10,,75028.40,73746.49,,12943.10,38157.30,26687.30,-8526.60,0.80,16710.25,13216.77
Patel Engineering Ltd.,PATELENG,21969.30,20987.90,910.40,0.00,25605.20,20776.63,18957.10,13379.50,46244.60,27118.20,235.40,0.73,29543.10,28263.60,951.10,26.10,25841.90,21389.34,20798.10,14403.90,49468.00,25956.30,2177.90,0.52,5848.02,2087.83
Petronet L N G Ltd.,PETRONET,132656.60,131972.90,530.00,,126460.40,120552.30,32164.70,10327.60,79377.10,13300.40,8441.40,3.41,227807.40,226958.60,781.90,0.00,217232.00,208679.45,32762.00,18235.20,100994.40,30504.00,12537.30,3.58,109800.01,86812.51
Polaris Consulting & Services Ltd.,POLARIS,14490.20,13850.60,420.80,103.00,12619.90,7168.25,,2123.50,12416.10,3575.10,1041.00,2.04,18060.60,17621.00,191.60,151.30,16175.50,10274.47,1018.10,2383.40,14687.70,5879.90,-75.80,1.59,11095.92,9926.12
Power Finance Corpn. Ltd.,PFC,103422.70,967.70,101897.50,0.00,77220.20,526.39,855985.70,30096.10,1046522.60,43035.20,-166195.80,1.83,130520.80,653.70,129632.10,0.10,100203.40,565.38,1101259.10,39741.10,1355915.50,50205.70,-269981.60,1.16,228546.17,142695.98
Power Grid Corpn. Of India Ltd.,POWERGRID,90899.30,84093.50,7162.20,1.30,64155.10,28022.42,408827.70,92898.80,758112.10,84125.30,54566.40,2.19,108219.60,101285.90,8063.40,0.90,75673.20,32468.57,534019.10,102396.20,957529.00,75418.30,62490.80,2.13,550705.83,468065.23
Praj Industries Ltd.,PRAJIND,6325.40,6035.20,214.50,,5630.80,4255.66,,2938.10,9845.00,4471.90,1112.00,2.37,9059.00,8626.80,340.10,,8912.80,6836.53,0.00,3492.50,10964.50,5414.20,104.50,2.61,9263.68,5927.33
Punj Lloyd Ltd.,PUNJLLOYD,44802.00,41801.70,2149.30,69.30,44678.20,32601.48,33081.70,26395.50,96889.00,55648.60,9561.90,0.60,61803.00,58437.20,3254.80,,61226.40,44713.42,43248.70,38974.80,122346.60,71245.60,-2405.10,0.48,16920.28,8601.28
Punjab National Bank,PNB,306768.30,,299845.60,34.20,262433.30,30108.49,315896.90,112962.70,3783541.30,340485.10,133670.30,1.92,407615.20,,400693.70,45.10,358694.40,32551.64,372642.80,109490.20,4582204.80,350756.70,210760.10,1.19,246616.82,201515.18
Ranbaxy Laboratories Ltd. [Merged],RANBAXY,80444.10,76761.90,3002.10,522.40,112318.60,40480.00,43677.90,50994.40,151974.50,75797.60,1147.10,8.88,63535.50,60615.00,2562.10,256.80,65651.40,38143.19,48286.90,31621.60,138319.30,62010.60,6412.50,11.07,210076.81,121226.60
Raymond Ltd.,RAYMOND,16311.00,15309.40,562.00,13.00,18198.40,11271.95,12638.20,4355.70,29078.70,7983.20,-286.00,1.83,19956.80,19108.80,573.10,9.20,19915.80,12575.31,13049.20,4771.90,32923.70,8989.90,1695.00,2.36,21207.08,11376.94
Reliance Capital Ltd.,RELCAPITAL,20240.00,550.00,18260.00,110.00,17940.00,1032.00,188990.00,4800.00,267160.00,24160.00,-31990.00,2.04,33472.90,300.00,32220.00,,28282.90,1400.03,184050.00,5030.00,304330.00,19810.00,-2470.00,0.87,82041.36,84276.61
Reliance Communications Ltd.,RCOM,153880.00,133120.00,7190.00,4260.00,161460.00,111577.00,314520.00,44010.00,905641.70,73670.00,7260.00,0.46,145560.00,121380.00,6350.00,70.00,144000.00,96484.00,300910.00,38060.00,865351.70,43990.00,33190.00,0.39,115791.91,288138.15
Reliance Industries Ltd.,RELIANCE,2621610.00,2586510.00,34270.00,,2451180.00,2137981.30,676030.00,494040.00,2849000.00,746010.00,364610.00,2.35,3459840.00,3397920.00,60620.00,,3268160.00,2969703.00,684470.00,442170.00,2952250.00,942260.00,234610.00,1.51,2406308.03,2817194.26
Reliance Infrastructure Ltd.,RELINFRA,104377.10,96685.50,6261.40,11.80,93998.60,80071.13,39693.10,124901.10,364369.00,78151.70,16130.60,1.07,185443.80,173388.40,6650.30,142.70,167491.80,147644.01,91890.00,144833.70,449812.00,106440.70,-4576.20,0.85,130088.00,89811.08
Reliance Power Ltd.,RPOWER,4924.40,363.80,4249.50,,2178.90,774.66,15540.50,1155.20,176014.00,13629.90,-2524.30,2.30,5318.50,661.20,4632.90,0.00,2209.90,773.72,0.00,445.50,163148.20,5880.60,-946.30,2.02,255967.79,204774.23
Rolta India Ltd.,ROLTA,16032.40,14577.50,1425.30,,11078.80,8726.92,8192.10,6881.20,39963.50,8025.60,7616.00,0.90,15783.10,14869.30,852.60,,12509.70,8698.10,21830.50,1591.50,49140.50,7067.50,10904.10,0.55,10978.44,9074.76
Ruchi Soya Inds. Ltd.,RUCHISOYA,167916.70,166352.90,1312.10,,170230.60,154040.72,34663.20,36990.30,96068.70,64399.40,-6018.30,1.64,262810.40,260458.90,2184.70,0.20,267687.30,239618.94,49045.90,53013.60,127400.90,93640.00,5266.50,1.39,28359.04,17654.35
Rural Electrification Corpn. Ltd.,RECLTD,85031.10,,84710.30,0.10,59331.80,960.78,700409.00,31327.00,892169.60,111276.70,-129013.50,1.96,105167.20,,105047.50,0.50,76996.90,1282.30,900577.10,35213.50,1104390.60,62379.40,-159689.10,1.39,186086.65,156512.25
S Kumars Nationwide Ltd.,SKUMARSYNF,27617.80,27576.10,5.50,,27071.70,20929.01,27017.20,2861.20,46728.80,22343.90,-1258.50,1.10,35172.40,35158.70,6.30,,34705.90,26543.97,29908.00,4933.10,53099.70,27490.80,5897.20,0.66,7925.80,951.69
S R E I Infrastructure Finance Ltd.,SREINFRA,7598.40,,7593.00,,6255.40,428.53,52896.40,842.80,81414.70,1330.20,-8599.30,0.87,11806.90,,11767.80,,11227.30,494.83,98473.20,1271.80,128133.70,4086.70,-32333.80,0.51,10816.36,9810.18
Shipping Corpn. Of India Ltd.,SCI,40351.80,35605.50,1942.80,2075.60,34678.30,24340.31,47151.30,8697.10,130730.60,33389.10,6842.10,0.70,45413.20,38373.30,3238.00,2866.00,49695.30,33691.07,63229.30,8366.60,141139.10,27434.20,-4491.70,0.43,25525.79,13717.78
Shree Renuka Sugars Ltd.,RENUKA,64716.90,64705.60,7.00,0.20,67757.70,54627.47,43192.40,12190.80,75440.60,19827.50,-6758.10,1.19,64716.90,64705.60,7.00,0.20,67757.70,54627.47,43192.40,12190.80,75440.60,19827.50,-6758.10,1.19,20743.78,11345.30
Shriram Transport Finance Co. Ltd.,SRTRANSFIN,54018.50,,53941.10,,41719.70,3035.83,203114.90,52208.80,337928.90,73710.40,-3982.60,3.67,58942.30,,58831.70,,46364.30,3207.60,233673.30,47776.60,385583.60,84901.20,-10179.60,2.27,130813.04,143468.75
Siemens Ltd.,SIEMENS,125350.00,122556.00,1207.00,165.00,117719.00,98721.30,214.00,45318.00,126203.00,73174.00,107.00,7.47,133532.00,131604.00,575.00,0.00,131114.00,110127.80,323.00,49346.00,134127.00,78013.00,433.00,6.09,231860.02,182279.96
Sintex Industries Ltd.,SINTEX,27342.20,26742.10,592.50,1.40,23713.00,19685.31,25000.70,3075.10,57329.40,19364.10,8061.50,1.91,26912.60,26296.50,561.50,2.20,24658.80,19797.06,27651.70,2842.10,62400.60,22144.80,-2600.50,1.01,16379.45,8234.79
Sobha Ltd.,SOBHA,13858.40,13722.50,92.90,3.10,11556.80,8645.45,12197.40,6356.80,38050.40,13857.40,4089.60,1.55,14083.50,13947.50,108.10,0.80,16672.20,12853.75,11289.70,7830.60,40858.70,18354.70,5253.60,1.63,34185.06,28301.23
South Indian Bank Ltd.,SOUTHBANK,26466.20,,25426.20,1.40,23540.60,2205.65,2903.50,6361.90,328202.30,28418.20,24776.90,1.52,38382.60,,36932.20,10.50,34366.00,2881.35,5882.00,9123.00,403798.70,30838.10,5165.60,1.38,26387.64,30157.34
State Bank Of India,SBIN,982505.40,,961770.10,,899860.20,131188.32,1195689.50,865791.60,12246938.10,1596367.10,170870.80,2.70,1220168.90,,1208315.70,,1103096.00,137797.63,1270055.70,704271.00,13377094.40,1418547.20,-181812.40,1.68,1345512.00,1168603.64
Steel Authority Of India Ltd.,SAIL,493661.00,473393.20,15335.10,198.80,459330.50,315756.93,193747.00,122726.20,773397.20,354458.00,19599.10,1.89,531828.60,507340.80,15217.00,201.10,511545.10,356742.45,163195.00,127394.90,775881.90,271934.90,8810.10,0.98,354399.07,172242.90
Sterlite Industries (India) Ltd. [Merged],STER,179982.80,162667.40,16796.60,,168745.70,144043.71,57610.40,32618.10,332892.30,61028.90,3046.70,2.52,213095.50,190509.10,21970.60,0.00,197210.40,167348.78,53333.60,35487.20,344017.30,56849.30,12885.90,1.51,359817.27,253603.11
Sterlite Technologies Ltd.,STRTECH,23326.80,23166.90,109.70,,22230.80,18410.53,6197.70,7557.90,25694.60,12271.90,707.90,2.07,28282.90,28046.20,234.50,,28404.70,22785.87,6645.10,8547.20,28697.50,12990.30,3348.90,1.35,12863.75,7361.40
Sun Pharmaceutical Inds. Ltd.,SUNPHARMA,33752.50,20046.40,13573.90,15.10,19894.60,13959.06,505.30,3139.30,76211.50,24602.90,11865.00,6.86,44467.10,24882.10,19464.30,18.40,28293.30,16711.58,403.00,4647.60,92885.00,27421.50,12820.00,7.49,676856.37,1170828.96
Sun T V Network Ltd.,SUNTV,19705.00,19304.00,375.20,0.00,11982.80,6445.58,,2470.70,28853.30,10725.80,10693.70,7.42,18315.70,17628.40,626.00,6.30,11369.20,6342.66,,1776.80,29366.70,8493.00,7877.30,4.53,104018.64,159545.16
Suzlon Energy Ltd.,SUZLON,47183.60,43586.60,3316.70,,51277.20,33736.60,66773.30,36068.30,174930.80,35178.40,7248.50,1.17,72190.50,68719.90,3470.60,,78206.60,50905.02,87332.40,49141.50,206630.30,57663.90,5443.60,0.82,32792.40,15026.86
Syndicate Bank,SYNDIBANK,124272.30,,120924.30,1.80,113792.80,13791.11,95276.40,39437.80,1565387.90,132046.60,38272.10,1.06,167336.60,,161642.50,5.30,154202.70,14672.21,105899.10,42127.00,1824680.70,149447.10,68986.40,0.83,59051.29,52911.40
T T K Prestige Ltd.,TTKPRESTIG,7798.70,7767.10,26.30,,7280.90,4619.52,22.80,1369.70,4283.20,2353.30,724.30,13.42,11272.00,11238.40,26.80,1.70,10693.30,6900.04,794.10,1683.70,5752.10,3061.10,619.00,11.77,40755.34,42096.29
T V S Motor Co. Ltd.,TVSMOTOR,68600.30,68210.70,376.60,2.50,68093.30,51715.97,7678.20,9026.40,29272.80,9020.50,2335.70,2.85,77493.70,77276.50,187.80,19.70,75185.70,58993.36,8310.90,9099.90,31820.50,9463.00,4700.70,1.67,18005.80,14798.96
Tata Chemicals Ltd.,TATACHEM,65679.10,63540.70,1051.80,381.40,61694.90,45724.79,29759.40,12177.20,96220.90,23192.90,4242.60,1.84,84639.40,81391.40,2947.50,10.40,82867.00,58611.35,33670.90,19845.00,109924.50,37187.90,3407.30,1.79,77929.95,65803.55
Tata Coffee Ltd.,TATACOFFEE,4389.90,4009.80,360.80,4.00,3810.10,2676.95,1187.40,490.40,6264.90,1814.40,232.60,4.46,5301.80,5080.00,184.10,2.80,4611.00,3213.95,718.30,509.50,6616.00,1864.30,894.60,3.42,17615.25,19736.02
Tata Communications Ltd.,TATACOMM,38065.20,36129.10,693.20,21.90,36439.60,27694.06,22149.80,19143.10,117207.60,15531.80,8187.80,0.97,42708.70,40917.70,1422.30,66.00,40995.30,30826.55,13572.90,21324.50,167220.70,12005.20,12142.70,0.90,70352.25,42051.75
Tata Consultancy Services Ltd.,TCS,299311.20,292770.20,5408.30,,223602.60,146920.41,411.20,38627.70,262262.20,118372.90,57198.80,11.90,412823.70,381061.10,30990.50,3.30,303061.30,192110.70,1042.00,46360.90,344199.00,173851.30,31746.30,9.24,2434097.89,3553334.72
Tata Global Beverages Ltd.,TATAGLOBAL,19713.00,18003.70,1570.60,,18142.80,13378.46,5054.70,3098.30,40718.80,5506.50,116.30,2.97,22698.00,20268.80,2302.00,,19760.30,14448.19,3671.70,3239.70,42047.40,6035.30,1182.80,3.18,78536.62,98758.25
Tata Motors Ltd.,TATAMOTORS,516129.70,510050.70,6079.00,,501553.70,406875.30,159154.30,129714.50,550111.10,109005.20,15055.60,3.38,598535.00,591991.70,6528.50,0.00,592336.30,477864.45,162421.20,129056.20,554327.90,112520.90,36535.90,3.85,612624.19,795013.01
Tata Power Co. Ltd.,TATAPOWER,75130.60,68775.10,4914.40,161.40,66189.20,55155.39,69892.80,19237.90,213538.50,35076.20,16087.80,2.82,95716.20,85245.10,9880.70,5.60,84098.20,68274.09,79162.80,24583.30,251024.40,49071.60,6115.30,2.03,233154.36,208949.02
Tata Steel Ltd.,TATASTEEL,333383.50,319019.40,14364.10,,266508.50,147890.53,283011.20,74478.50,906913.40,86716.00,83390.00,1.28,383148.90,368169.40,14925.40,,318391.90,177928.89,261722.50,101450.90,968316.00,98002.50,102446.20,0.88,402519.83,209491.12
Tata Teleservices (Maharashtra) Ltd.,TTML,34079.70,22697.30,8424.60,303.90,33554.50,19594.83,40996.00,21729.60,59224.70,4436.80,900.60,-5.26,25074.70,24762.30,17.80,122.10,30250.50,19368.78,54490.90,16094.60,61977.20,5935.90,2659.60,-2.45,24378.98,12521.50
Tech Mahindra Ltd.,TECHM,51338.00,49655.00,1078.00,11.00,44371.00,19433.10,12227.00,11889.00,60934.00,16773.00,4706.00,2.52,53828.00,52430.00,515.00,1.00,49222.00,19932.70,11266.00,15191.00,64441.00,16854.00,6654.00,2.67,90991.09,289532.51
Titan Company Ltd.,TITAN,66595.00,65708.60,576.70,,67293.60,51704.24,677.00,24208.80,37650.00,32270.60,10400.60,16.50,90742.10,89708.70,950.70,,92258.90,70831.05,113.10,29381.10,47188.40,40368.20,1395.10,13.99,197044.14,233842.87
Uco Bank,UCOBANK,123004.70,,118363.40,0.50,113939.30,10584.90,54747.70,37607.80,1638896.00,189987.10,82157.70,1.30,156257.70,,152178.40,9.10,145171.00,9877.91,129014.30,41476.90,1810682.10,164341.60,-73451.20,0.84,46297.21,45195.35
Ultratech Cement Ltd.,ULTRACEMCO,152422.40,149482.10,1515.70,47.90,139041.30,62539.31,41446.20,28803.40,201575.00,27160.30,20139.00,2.91,210272.90,206011.20,2981.60,26.70,185607.70,82451.38,41528.70,33739.90,230918.80,30010.20,34311.50,3.23,449389.53,503593.81
Union Bank Of India,UNIONBANK,185896.20,,177109.60,,165076.70,20778.74,133159.70,65026.40,2367707.00,247259.90,43792.20,1.64,234781.00,,223231.00,,216901.80,19997.46,179094.80,67125.30,2630481.10,201122.20,-45276.70,1.00,92382.13,79433.31
Unitech Ltd.,UNITECH,23772.40,20016.50,3531.90,,18712.00,11934.20,52379.00,81838.00,228577.80,120364.00,-3659.80,1.14,17768.60,12094.00,4814.30,490.60,14476.90,9291.55,50144.00,89319.90,237146.60,127478.70,9249.10,0.78,56642.92,43038.15
United Spirits Ltd.,MCDOWELL-N,129699.60,128605.20,473.30,377.30,128675.90,39671.21,36083.40,13454.80,102075.70,22854.00,4877.70,2.63,162671.00,160843.30,1034.70,6.40,161159.80,49482.44,42810.90,18321.30,121671.30,30341.70,3853.80,1.35,105839.29,346577.60
V I P Industries Ltd.,VIPIND,7574.90,7550.00,10.80,,7308.70,4308.73,1066.70,764.60,4940.00,3035.60,-28.00,9.31,9029.10,8743.90,7.20,,8626.90,5127.59,841.50,845.60,4971.70,2973.80,838.50,5.82,10217.24,6712.57
Videocon Industries Ltd.,VIDEOIND,130257.80,129194.70,586.00,338.90,124999.10,87980.74,186641.50,23886.80,320366.40,54539.90,-51655.60,0.53,192091.10,187753.80,537.00,671.20,193384.70,128327.92,233750.40,24863.40,370603.60,58149.80,-6824.50,0.63,54382.45,54796.85
Vijaya Bank,VIJAYABANK,63935.90,,60990.30,1.20,58697.70,7933.77,20253.80,16979.10,820134.00,65045.60,34421.30,1.13,85988.20,,82429.20,5.80,80178.20,5206.23,54184.00,17117.40,957640.30,73383.20,11481.80,0.77,26536.11,19920.67
Voltas Ltd.,VOLTAS,52993.20,51816.90,587.50,458.30,50718.30,41461.48,939.10,21407.50,38711.80,30453.70,86.60,4.75,54395.80,52055.50,1028.00,1243.60,53072.40,43485.26,1777.90,19833.00,38444.70,29153.60,-2992.90,2.72,35173.05,25742.83
Welspun Corp Ltd.,WELCORP,66415.40,65273.90,782.50,,64827.20,49984.69,26624.80,20333.20,83097.60,28975.60,9792.10,1.39,62734.80,59405.40,1844.80,0.10,62929.00,50817.52,37944.80,31493.20,111301.60,35205.50,8267.80,0.86,23256.44,9452.99
Wipro Ltd.,WIPRO,271409.00,264012.00,6418.00,,223288.00,150707.90,47441.00,50879.00,344350.00,154253.00,37112.00,5.53,331091.00,318034.00,12018.00,,283791.00,188852.60,52869.00,59347.00,389644.00,192529.00,29979.00,4.44,836889.66,1079506.14
Yes Bank Ltd.,YESBANK,47190.20,,47044.90,,39918.80,3283.22,66909.10,23117.90,590069.80,44987.10,75189.00,2.83,71659.10,,71397.20,,61889.10,4321.13,141564.90,54300.60,736256.70,75573.20,17648.20,2.78,129601.18,116699.37
Zee Entertainment Enterprises Ltd.,ZEEL,22540.00,21700.00,829.00,,17570.00,10206.90,11.00,4107.00,36243.00,19194.00,3450.00,4.16,23477.00,22040.00,1134.00,,17481.00,11617.00,17.00,3412.00,35652.00,17798.00,3578.00,4.06,160646.48,237175.11
