,,,,,,,,,,,,,,,,,,,,,,,,,,NSE,NSE
,,Annual Finance Standalone,Annual Finance Standalone,Annual Finance Standalone,Annual Finance Standalone,Annual Finance Standalone,Annual Finance Standalone,Annual Finance Standalone,Annual Finance Standalone,Annual Finance Standalone,Annual Finance Standalone,Annual Finance Standalone,Annual Finance Standalone,Annual Finance Standalone,Annual Finance Standalone,Annual Finance Standalone,Annual Finance Standalone,Annual Finance Standalone,Annual Finance Standalone,Annual Finance Standalone,Annual Finance Standalone,Annual Finance Standalone,Annual Finance Standalone,Annual Finance Standalone,Annual Finance Standalone,Finance S / Interim SQ,Finance S / Interim SQ
,,Rs. Million,Rs. Million,Rs. Million,Rs. Million,Rs. Million,Rs. Million,Rs. Million,Rs. Million,Rs. Million,Rs. Million,Rs. Million,Times,Rs. Million,Rs. Million,Rs. Million,Rs. Million,Rs. Million,Rs. Million,Rs. Million,Rs. Million,Rs. Million,Rs. Million,Rs. Million,Times,Rs. Million,Rs. Million
,,Jun 2008,Jun 2008,Jun 2008,Jun 2008,Jun 2008,Jun 2008,06/08,Jun 2008,Jun 2008,Jun 2008,Jun 2008,Jun 2008,Jun 2009,Jun 2009,Jun 2009,Jun 2009,Jun 2009,Jun 2009,06/09,Jun 2009,Jun 2009,Jun 2009,Jun 2009,Jun 2009,31 Jul 2009,30 Jun 2010
Company Name,NSE symbol,Total income,Sales,Income from financial services,Extra-ordinary income,Total expenses,Cost of goods sold,Total term liabilities,Current liabilities,Total assets,Current assets,Net cash flow from operating activities,PB on NSE,Total income,Sales,Income from financial services,Extra-ordinary income,Total expenses,Cost of goods sold,Total term liabilities,Current liabilities,Total assets,Current assets,Net cash flow from operating activities,PB on NSE,Market Capitalisation,Market Capitalisation
A B B India Ltd.,ABB,74706.6,73709.8,639.4,46,69970.3,54692.43,0.2,31618.9,56082.3,44661.5,196.7,4.57,65729,65151.9,183.3,,62617.5,50339.99,,29869.3,57812.2,45953.7,3544.9,6.75,148463.01,182855.74
A C C Ltd.,ACC,86199.3,82746.1,1367.9,122.9,74074.7,32528.7,4820.3,18017.9,86462.2,21054.6,17070.5,1.83,90089.6,88031.7,803.8,,74309.7,33089,5669.2,19639.1,102436.9,17832.6,23970.8,2.72,165327.41,164858.85
Aban Offshore Ltd.,ABAN,7387.8,6858.4,478.7,,5796.8,2597.14,11292.5,1247.2,27093.6,2846.2,1983,16.12,12296.1,10069.2,2103.9,26.9,9698.5,3527.75,30524.2,2216.2,46604.6,5076.8,4479,1.64,39270.92,36649.62
Aditya Birla Nuvo Ltd.,ABIRLANUVO,42600.4,41355.6,225.2,326.4,41001.4,28714.12,16302.9,5591.1,76938.3,16361.3,2787.1,3.64,51227.5,50009.4,542.3,58.3,50032.1,36394.27,22274.1,6770.4,96006.7,17255.9,4351.8,1.13,83104.63,78230.66
Allahabad Bank,ALBK,73059.2,,72772.3,,63311.8,5880.15,23688.9,24385.2,829435.3,84237.6,53346.7,0.79,87075.7,,86727.3,0.4,79389.7,7259.74,38489.3,29624.6,976577.7,77687.7,62218.4,0.35,39532.95,72477.07
Ambuja Cements Ltd.,AMBUJACEM,76302.1,70898.9,4832.3,226.6,62905.6,26733.04,2886.7,10032.4,78533.7,20472.7,9755.8,1.88,79959.6,77639.3,608.6,610.6,67281.5,33188.39,657,10670.5,89013.7,17869.3,21025,2.45,165230.88,175190.36
Andhra Bank,ANDHRABANK,48548.2,,45985.9,2.4,42792.5,4504.35,17043.1,20510.5,566243.5,67320.5,21206.4,1.1,61576.8,,58631.5,3.4,55046.3,5552.67,33511.5,18876.2,685292.3,63845.5,7643.5,0.6,44765.5,63001.5
Ashok Leyland Ltd.,ASHOKLEY,92764.5,91922.7,696.2,41.9,89046.2,66760.97,7731.7,19267.1,55931.2,21025.2,9646.6,2.21,69184.4,68269.6,823.9,37.4,67292.2,53313.08,18748.1,18688.7,79261.8,24472.8,-5263.3,1.14,48557.35,84676.03
Asian Paints Ltd.,ASIANPAINT,41458.2,40946.7,302.7,9.3,38045.2,22371.25,638.3,8018.6,30133.7,8686.3,4572.9,12.4,50897.9,50418.7,207,60.8,47280.4,29741.4,652.9,7811.4,33557.2,10403.7,3252.1,6.89,135381.18,220788.15
Aurobindo Pharma Ltd.,AUROPHARMA,25120.9,24092.8,911.1,,22524.9,18418.34,11448.3,4128.1,35458,18065.1,1035.4,1.28,30248.3,28852.5,1307.2,,29252.3,21438.78,11341.4,4943.2,41474.1,20309.9,33.1,0.77,31732.26,51383.66
Axis Bank Ltd.,AXISBANK,88160.9,,87662.8,,77450.6,7379.39,90533.7,34406.3,1096256.8,149249.3,81671.3,3.22,138131.6,,136587.4,,119978,10533.15,152198.7,37288.3,1477588.4,182638.6,95258.1,1.46,330055.38,506206.53
B E M L Ltd.,BEML,28194.5,27333.7,424.2,1.1,27074,19099.49,0,9791.7,34447.2,29724.6,-4772.2,2.42,30592,29496.7,293.8,0.1,30710.8,20915.85,944.4,11307.7,41944.6,34530.1,-4169.9,0.83,44403.45,41669.49
Bajaj Auto Ltd.,BAJAJ-AUTO,101992.2,98033.9,2788.8,77.1,95112.9,73480.28,13273.4,10433,49434.3,9391,,NA,98256.8,95902.5,1500.1,45.6,91466.9,72242.31,15699.7,12057.4,60473.6,13415.7,3603.5,4.79,176767.08,359914.7
Bajaj Hindusthan Sugar Ltd.,BAJAJHIND,19993.9,18907.5,1228.2,0.7,23068.7,15169.69,30441,6104.9,58599.7,7197.1,-1488.6,1.09,19948.9,16620.3,1848.4,340.7,16837.3,13038.55,29851.5,6830.3,65439.5,9418.1,1506.9,1.43,32577.08,22379.21
Bajaj Holdings & Invst. Ltd.,BAJAJHLDNG,3556.7,2.4,3554.3,,486.5,8.14,,568.6,57577.1,544.5,3305.8,2.24,2595.1,2,2217.5,4.7,634.9,11.95,,258.9,54876,93.2,1332.9,0.94,47424.71,74367.61
Balrampur Chini Mills Ltd.,BALRAMCHIN,15774,15541.1,141.6,27.6,16122.5,11562.86,10207.8,2030.6,29413.9,6413.6,610.1,2.04,18027.1,17714.7,124.8,27.9,12930.7,12791.83,9720.3,1554.8,27653.5,3944.9,6120.9,2.67,30357.71,21899.36
Bank Of Baroda,BANKBARODA,138921.8,,131953.6,13.7,124566.6,15946.02,93311.9,56850.3,1795995.1,258382.9,82693.6,0.93,178761.1,,171646.1,13.2,156489.1,19920.36,127507.3,74572,2266722.3,276958.8,84248.6,0.66,158455.93,255660.44
Bank Of India,BANKINDIA,144721.4,,138171.8,0.4,124627.4,13179.82,119184.2,61101.9,1788606.3,197062.5,54165.7,1.51,194332.9,,188189.8,,164259.4,15285.55,156731.8,63155,2259316.6,252846.9,130491.7,0.98,172546.34,183548.84
Bharat Electronics Ltd.,BEL,44119.3,41127.8,1827.6,36,35990.5,28862.28,13.8,32915.9,84017.7,62830.3,5033.7,2.64,48839.2,46404.2,1651.7,10.6,47909.5,33124.68,12.1,41385.4,100810.5,78074.6,3647.2,1.86,117432,138996
Bharat Forge Ltd.,BHARATFORG,24914.7,23678.4,1152,0.5,22385.2,15529.97,11929.6,6343.4,39854.6,9572.7,3445.8,4.04,22308.8,21189,1019.3,,21635.5,15062.08,16308.6,3914,41711.2,10754.7,1839.3,1.47,46846.04,67370.68
Bharat Heavy Electricals Ltd.,BHEL,234635.3,217756.7,9813,17.2,214314.5,137879.74,910.6,165764.5,376099.3,287276.6,34779,9.37,303764.9,285042.3,8600.4,83.6,283898.2,198513.51,1436.3,233573.2,483337.3,357187,31643.5,5.71,1091776.46,1204072.34
Bharat Petroleum Corpn. Ltd.,BPCL,1232503.2,1216840.7,10505.9,,1212773.5,1045209.42,78271.7,135945.7,432489.2,185616.7,3556.9,1.26,1469462.3,1453920.7,8304,,1446345.4,1264883.36,58048.1,111193.3,481777.4,123889.1,62031.8,1.12,171370.97,239612.04
Bharti Airtel Ltd.,BHARTIARTL,260640.8,257035.1,1240.5,6.6,198205.6,138242.53,60900.3,119090.7,418592.1,41121,104598.6,7.75,345395.6,340142.9,3843.9,40.3,267956.6,188814.78,70892.8,131179.9,533022.5,60255.6,123898.3,4.3,1557085.04,997990.91
Bhushan Steel Ltd.,BHUSANSTL,47454,46727.4,520.3,6.6,45097.4,34327.86,53663.3,12443.2,88085.5,21308.9,4367.8,1.74,54276.1,54095.5,159.6,6.8,49081.4,39195.56,76124.9,13687,121510.2,23584.5,5349.7,0.83,33195.85,60105.9
Biocon Ltd.,BIOCON,12987,9050.7,195.5,3347.5,8757.4,6090.01,1415.3,1642.5,17544.5,4106.3,5266,3.24,10164.9,9388,246.6,,9314.7,6434.12,1388,2197,18861.9,5216.7,1075,2.08,43710,65090
Bombay Rayon Fashions Ltd.,BRFL,9448.2,9270.6,172.6,,9226.9,6924.91,4020.3,708.6,14469.1,5787.2,-990.4,3.1,13471.8,13424,33.9,,12757.8,9476,10845.7,1161.6,31085.2,8173.1,391.8,1.2,15190.24,29054.83
Bosch Ltd.,BOSCHLTD,55566.3,51313.3,3151,25.3,49562.3,35107.71,2544.4,7576.8,45574.3,23237.1,4694.9,3.28,55715.3,51075.5,2801.7,8,50142.1,36581.17,2559,8545.3,50177.3,22761.8,8841.8,4.3,122805.81,168704.72
C E S C Ltd.,CESC,30118.3,28726.2,1007.4,269.1,26564.7,21386.65,15165,18352.9,85945,15249.5,10340.8,1.73,32609.7,30524.4,1275.9,16.9,28512.8,23314.93,21602.7,27371.8,103551.3,19583.2,11768.5,0.78,39223.63,46963.41
Cairn India Ltd.,CAIRN,2980.4,37.3,2787.3,,2438,186.01,,1076.8,321905.4,28284.3,-354.4,1.09,2980.4,37.3,2787.3,,2438,186.01,,1076.8,321905.4,28284.3,-354.4,1.09,446285.94,576319.22
Canara Bank,CANBK,165090.5,,155811.7,10.9,149440.4,14509.64,86324.9,71746.1,1806960.3,204238.8,59786.6,1.11,195494.7,,186090.8,8.3,174770.5,16233.15,140009.5,55593,2196458.1,205593.1,21686.4,0.68,117219,183987.5
Century Textiles & Inds. Ltd.,CENTURYTEX,40042.2,39628.5,147.5,22,37436.6,21725.87,10357.4,5803.7,38870.9,8515.3,5851.6,5.26,44496.2,43559.6,70.7,569.1,42867.5,24779.61,14183.6,6769.6,46317.4,9257.6,6666.8,1.38,43936.17,42889.41
Chambal Fertilisers & Chemicals Ltd.,CHAMBLFERT,28269.7,27290.9,633.6,290.7,25520.3,19872.78,13072.1,1740.2,36407.2,9101.7,4530.9,1.82,47308,46096.4,979.3,60.3,45487.5,35767.94,20425.7,11554,52845.2,14659.1,9644.8,1.41,23578.17,27594.58
Chennai Petroleum Corpn. Ltd.,CHENNPETRO,331718.6,330556.8,1017.2,0.3,325589.3,259429.17,15387.1,26092.2,105494.9,59993.9,859.3,1.21,379884.3,379458.4,216.3,1.8,371612.7,316085.69,9045.5,22364,83396.8,35119.7,17813.9,0.46,27183.78,37585.24
Cipla Ltd.,CIPLA,44288.7,42952.4,862.1,29.2,37688.1,28374.96,53.5,8709.8,57440.7,26972.5,2002.8,4.56,53768.6,53091.3,238.2,23.6,47136,33953.94,734.8,10128.5,76125.5,34301.6,3491.7,3.94,213793.99,271788.88
Colgate-Palmolive (India) Ltd.,COLPAL,16380,15973,214.5,8.4,14070.4,8069.3,46.9,3469.3,7164.4,2317.4,2421.2,32.08,18659.2,18106.6,357.3,98.1,15767.4,9564.83,46.9,3945.4,7897.2,3518.9,2828.1,29.63,90720.81,113846.39
Container Corpn. Of India Ltd.,CONCOR,35127.7,33478.7,1394.1,,27605.6,24439.51,0,2917.1,39068.5,16031.2,7193,3.52,36291.4,34176,1739.6,102.6,28379.4,24369.74,0,3779.4,45901.6,18656.4,8182.1,2.48,143013.57,175476.77
Corporation Bank,CORPBANK,53216,,50255,,45866.1,3959.85,29376,36299.8,666160.8,92004.9,53621.1,0.96,72926.6,,69767.2,,63998.9,4590.78,48099,28637.7,869224.8,120258.3,103522.7,0.53,49730.65,75341.86
Crompton Greaves Ltd.,CROMPGREAV,44791.7,44017.7,641.1,7.1,40687.5,30731.38,875.6,10412,23986.1,13948.3,4357.5,11.02,50902.1,50342.8,410.9,,46803.5,35728.22,536.7,11876.7,29257.4,18052.2,5606,3.69,107990.52,165376.52
Cummins India Ltd.,CUMMINSIND,27536.7,26317.2,785.9,,24694.5,19091.14,37.8,4984.2,18032.1,8917.9,2443.5,5.78,38063.3,36402.6,608,192,33826.6,26282.11,16.7,5977.1,22204.3,12012,2211.6,2.63,54469.8,118255.5
D L F Ltd.,DLF,60620.6,55300,5178.6,0.6,34814.1,19595.23,46456.6,24979,234420.9,83929.3,-16158.4,9.77,38803.6,28340.7,9995.5,0.1,23000,5540.64,74142,16345.8,251488.3,82654.6,13377.3,2.29,672428.31,489955.44
Dabur India Ltd.,DABUR,21478.4,21281.7,112.7,4.8,18349.6,12200.77,54.6,3178.7,11607.4,3750.5,3219.9,18.12,24759.7,24359.3,299.5,4.2,21420.2,14312.86,45.8,3319.2,15865.1,5301.2,3369.5,11.63,119136.03,183249.34
Deccan Chronicle Holdings Ltd.,DCHL,8202.5,7823.7,5.7,,5483.1,2714.67,6728.7,2157,20983.6,10695.3,4378.8,3.72,8576.2,8149.4,,0.8,7175.5,4919.28,3679.6,2588.3,18463.7,6838.4,2067.3,1,24940.78,30068.82
Dena Bank,DENABANK,33027.4,,29369.6,299.6,29429.5,3142.7,11606.2,13087.3,386514.1,44617.8,22670.9,0.93,40348.8,,37391.8,,36122.2,3861.04,14431.3,16071,484647.5,63424.8,42581.2,0.48,15803.96,26688.9
Dish T V India Ltd.,DISHTV,4239.7,4133.2,90.6,,8407.4,5143.19,3282.9,11340.8,12140.1,655.4,351.7,-4.66,7478.8,6369.7,1082.5,,12225.4,7492.75,8032.1,15715,20972.2,1099.8,-2667.2,-3.8,41829.66,50406.08
Divi'S Laboratories Ltd.,DIVISLAB,10745.9,10475.5,18.8,,7531.9,5617.88,673.1,1578.3,11974.6,5036.6,3021.2,9.37,12224.3,12038.2,97.2,,8965.1,6312.78,504.2,1616,15748.4,6928,2955.6,4.85,69523.51,102206.89
Dr. Reddy'S Laboratories Ltd.,DRREDDY,38007,36154,1511,,34193,22886.5,97,6809,65333,20994,5435,2.07,46137,45315,677,13,41169,27164.8,6185,10502,77492,25582,4706,1.57,138357.76,245470.61
Educomp Solutions Ltd.,EDUCOMP,2843,2621,219.3,,2124,1344.6,3488.3,483.4,7473.9,4007.9,675.4,22.99,5274.8,5011.7,257.4,,4233.2,2209.22,4691.2,1331.4,11798.3,3986.1,842.4,8.51,77706.05,50826.95
Essar Oil Ltd.,ESSAROIL,6688,6519.3,87.3,31.2,6107,6135.62,96677.5,77152.7,214059,67516.7,-1267.2,6.99,426899.6,418163.8,7961,,422117.2,357194.36,87656,68659.9,221137.7,50109.1,22418.3,2.51,181430.97,192627.34
Everest Kanto Cylinder Ltd.,EKC,3933.1,3816.3,101.5,1.8,3448.7,2357.04,1580.6,715.1,7461.1,2822.8,60,6.88,3993.8,3860.5,121.6,5.6,3882,2512.47,2546.3,1278.8,9747.9,3122.9,140.7,3.09,18360.12,14455.57
Federal Bank Ltd.,FEDERALBNK,29258.6,,27774.2,1021.2,25578.1,2385.83,12569.5,11814.8,326084.8,30864.9,14105.4,0.94,38485,,36246.7,5.7,33480.1,2923.71,12189.4,9123.3,389765.9,38162.5,30117.1,0.55,41069.39,54232.11
Financial Technologies (India) Ltd.,FINANTECH,13550.7,1431.5,12087.1,,3938.6,534.59,3994.5,600.8,20026,3741.9,-2386.2,4.99,7183,3615.7,3503.3,,3496.6,1104.64,4611,734.2,24178,5390.7,1031.2,1.63,64792.28,61630.04
Firstsource Solutions Ltd.,FSL,5164.4,4939.1,193.1,0.8,4588,2748.61,11137,571.8,21459.3,1657.1,826.5,3.03,8377.6,5660.4,2036.4,636.1,8226.5,3254.57,13272.2,1161.7,24244.1,2036.1,468.7,0.7,11505.42,12183.84
G A I L (India) Ltd.,GAIL,191895.8,185808.1,4697.6,,166180,128430,12658.7,33610.2,218702.5,63340.8,34121.5,2.77,252175.6,244146.7,6010.3,,224188.6,182706.29,12001.3,41779.2,257359.5,59192.8,25778.8,2.11,421071.07,592759.49
G M R Infrastructure Ltd.,GMRINFRA,1125,100,1011.4,,498,45.49,3650,212.2,61050.5,1122.7,-565.6,4.84,1677.7,,1672.9,,701,71.83,3400,174.5,61409,13377.2,-261.5,3.03,261940.79,231599.87
G O L Offshore Ltd.,GTOFFSHORE,7509.4,6763.1,477.9,234.8,5477.3,2960.88,9301.4,1861.7,20577.9,5012.8,2793.6,3.31,9530.1,8951.6,553.3,13.6,7419.1,3696.33,19433.5,2423.9,28998.5,4780.9,3230.5,1.34,17822.08,16490.04
G T L Infrastructure Ltd.,GTLINFRA,2177.2,1398.6,287.8,61.2,2771.9,1425.17,24756.9,2162,37256.2,15393.9,-679.2,4.06,3894.7,2462.8,587.9,,3866.3,2640.41,35013.2,3691.1,52121.2,15958.3,3024.2,1.98,35594.49,45186.85
G T L Ltd.,GTL,15409.7,14333.3,835.9,218.9,14930.7,11170.47,6518.2,8914.1,25879.5,10952.2,2424.8,2.58,15207.9,14509,672.8,12.6,14823.9,11155.37,7612.5,10183.9,30733.1,14414.1,2544.9,2.3,28416.95,41417.42
G V K Power & Infrastructure Ltd.,GVKPIL,1193.2,269.7,919.1,,284.7,57.96,,12.5,17277,1235.6,-37.5,3.28,442.2,278.9,163.3,,232.2,83.14,,25.3,17427.9,128,51.3,1.89,68537.73,69880.06
Glaxosmithkline Pharmaceuticals Ltd.,GLAXO,20706.1,17962.2,2493.6,32.2,14963.5,8634.1,56.5,2716,40308.7,12452.5,2676,6.32,21160.8,19703.5,1011.3,326.6,16362.1,9474.71,54.2,3166.6,44485.2,20133.7,4487.8,7.76,115886.43,184987.15
Grasim Industries Ltd.,GRASIM,121734.8,116047.2,4656.6,290.7,100817.3,52536.81,25381.8,16039.1,141692.1,18196.9,20910.3,2.9,124697.6,121790.3,1831.5,21,108386.7,61102.61,28512.2,16869.3,160680.4,20531.1,20680.6,1.53,251551.02,167565.48
Great Eastern Shipping Co. Ltd.,GESHIP,32039.1,25945.7,2885.5,3053,18471,11675.19,24720.8,4244.1,72422.9,13091.7,16353.2,1.38,33748.7,28362.8,2561.7,2549.7,19900.5,11206.66,30665.5,7626.3,89266.5,20803.6,17690.1,0.59,39290.74,44590.42
Gujarat State Petronet Ltd.,GSPL,4473.1,4178.9,255.9,,3473.9,1793,9650.4,4209.3,27177.5,3480.9,5778.9,2.77,5119.2,4875,233.2,,3885.1,1927.25,11079.5,3771.8,30138.8,2479.7,2037.7,1.77,40507.8,57542.13
H C L Technologies Ltd.,HCLTECH,47862.4,46177.6,1657.1,4.5,40056,17023.61,253.3,18288.5,57985.6,19275.2,10389,5.24,49415.9,46750.9,2620.7,7.9,40314.4,18988.64,268.9,22159.9,70863.5,34019.2,5290.5,3.57,161531.84,247179.13
H D F C Bank Ltd.,HDFCBANK,126865.3,,126795,7,110963.4,12847.98,69572.4,121807,1332510.1,181931.3,199333.7,4.1,198386.8,,197987.2,41.9,175937.4,21443.59,85080.2,149848.6,1833586.8,217063.1,36615.4,2.83,639674.65,882146.46
Hindalco Industries Ltd.,HINDALCO,220965.8,209935.6,4650.9,,193774.4,147996.8,63318.8,28947.8,309921.6,68920.9,21398.5,1.17,205265.8,196951,5991.9,64,177586.3,140546.24,55851.8,18689.1,362701.4,61873.2,31703.9,0.37,170537.16,276497.33
Hindustan Construction Co. Ltd.,HCC,26941.5,26492.4,415.8,,30332.2,24283.23,15937.5,10174.2,40916.3,24367.6,1831.9,3.43,32086.9,31237,161.6,616.3,32922.9,25407.75,19024.6,14026,51032.8,29583.6,1045.6,1.01,35586.34,36284.64
Hindustan Petroleum Corpn. Ltd.,HINDPETRO,1145935.1,1130472.2,9828.6,,1158184.1,999628.19,70732.2,117422.2,416518.2,184111.2,-17299.3,0.82,1336576,1325886.2,6125.6,8.1,1312460.3,1187890.47,61566.8,105102.6,472075.6,152987.9,58235,0.85,118265.57,158985.49
Hindustan Unilever Ltd.,HINDUNILVR,225242.8,219491.7,2887.3,2116,204621.6,126405.51,3.4,42558.3,85202.8,49276,19806.3,25.12,225242.8,219491.7,2887.3,2116,204621.6,126405.51,3.4,42558.3,85202.8,49276,19806.3,25.12,635627.43,583815.61
Hindustan Zinc Ltd.,HINDZINC,96687.8,87388.4,6198.6,12.5,52136,21571.75,3.9,7748.6,132099.4,23275.4,40615.6,1.87,71051.8,61431.2,8242,16.1,44019.5,25623.84,3.9,8028.2,159386,34705.8,27126.7,1.33,292117.43,409623.55
Hotel Leelaventure Ltd.,HOTELEELA,6109.3,5364.1,689.3,,4623.8,2236.83,19996.3,932.8,32708.2,3747.7,1177,2.11,5999.9,4719.5,577.1,646.4,4550.1,2253.46,24148,1713.1,49290.5,2015,2033.1,0.88,12808.27,18324.51
Housing Development & Infrastructure Ltd.,HDIL,24593.4,23945.7,646.4,,49991.6,46157.28,19960.8,4917.2,76029.3,55160.5,-40074.9,3.87,18901.4,17197.6,880.8,,23985.6,16843.15,37483.2,6126.3,95128.1,66842.8,-11212.6,0.5,95781.13,91673.98
Housing Development Finance Corpn. Ltd.,HDFC,89035.8,82.8,88833.3,,64673.3,1116.28,649474.2,19069.5,844741.9,11451,17992.2,5.66,111443.4,108.8,111078.8,,88478.2,1292.24,765124.6,28833.7,1017088.2,23401,-90899.2,3.06,721659.29,856618.83
I C I C I Bank Ltd.,ICICIBANK,405648,,403465.1,656.1,364070.7,22340.65,831880.5,192650.1,4004171.1,498133.9,-134417.9,1.84,399941.3,,392543.1,175.1,362360,23038.3,908308.1,154528.1,3798495.8,451596.6,-201230.7,0.75,844468.2,961190.75
I C S A (India) Ltd.,ICSA,6785.6,6706.9,71,,6056.4,4863.79,920.7,1054.4,7294,4793.9,-1338.3,4.78,11253,11235.3,16.8,,9956.6,8225.93,1353.2,1015.5,11451.8,6454.2,-1145.8,0.69,8624.12,6854.05
I D B I Bank Ltd.,IDBI,99949.5,,96528.5,8.1,92654.9,3901.61,428475.1,44668,1308674.7,107048.2,133692.2,0.95,132565.2,,127814.8,132.8,123979.8,5122.71,439700.4,49794.7,1725542.1,136047.3,196222.3,0.44,76573.16,86370.25
I D F C Ltd.,IDFC,25923.3,,25550.7,15.3,19231.6,562.77,198234.6,6702.1,286096.1,30478.1,-55281,3.58,33461.5,95.2,33113.4,18.5,26102.3,785.36,172419.7,6236.1,303790.7,48781.8,-1204.7,1.16,174698.06,233254.72
I F C I Ltd.,IFCI,36232.9,146.3,19250.3,4.9,26027.2,993.65,91152.3,8814.4,183756.2,37951.3,20187.3,1.5,21974.2,190.6,13881.2,384,15402.7,524.14,87881.7,9925.6,179224.5,8015.6,6220.6,0.52,37814.16,42019.84
I I F L Holdings Ltd.,IIFL,6724.4,,6575.3,,5437.5,1252.76,155.7,5148.7,18534.2,5601,1967.7,4.43,4944,,4920.7,,3885.7,1395.17,18,5526.9,17529.3,5359.6,4936.2,1.6,38726.61,27691.6
I T C Ltd.,ITC,221319.2,214673.8,4103.5,,190551,76222.37,1225.2,27990,175686.4,54017.8,26159.4,6.48,238272.7,232478.4,3519.8,,211932.1,78674.14,1159.2,29860,198077.3,63457.1,30699.6,5.1,940580.37,1166262.1
I V R C L Ltd.,IVRCLINFRA,37711.9,36860.4,817.3,,35639.7,31781.88,955,8779.9,37490.4,16726.8,-3775.6,3.38,50833.5,49729.9,946.8,,48604.4,42932.68,2924.9,16795.1,51512.6,23957.5,196.7,0.9,44690.77,50157.8
Idea Cellular Ltd.,IDEA,69190.3,67199.9,1815.9,,58746.7,39568.42,56301.6,23180.9,131589.1,10216.4,25022.2,7.63,103344.5,98570.8,4557.9,,93331.9,66337.52,75793.7,30134.8,228840.5,31292.9,18637.5,1.38,244752.52,195868.73
Igate Computer Systems Ltd. [Merged],PATNI,16498.6,15410.2,1028.7,15,12607.1,6558.31,17.5,5216.2,34380.8,7276.3,4782.2,0.66,18525.6,17348.6,1035,,13098.3,7025.83,9.4,2763.3,39469.7,5051.7,6172.2,1.95,46339.83,67309.77
India Cements Ltd.,INDIACEM,36805.5,35699,327.6,2.2,30733.3,12231.54,16514.4,9176.4,63452.9,10907.7,10124.5,2.03,38266.3,37113.1,444.6,2.2,34108.5,14352.16,17550.6,10679.6,70519.2,10616.3,7061.3,1.01,39568.98,33128.89
Indiabulls Real Estate Ltd.,IBREALEST,6488.8,477.7,6011.1,,1811.8,202.4,22.4,55.3,33975.2,2936.1,-1521.9,4.85,1406,450.3,947.3,,1240.4,206.2,13436.2,179.6,54670.3,666.9,-623.9,0.72,98794.68,63321.5
Indian Bank,INDIANB,64444.3,,57656.4,1.9,54356.9,8144.53,15832.4,27180.1,705077,80885.8,39018.4,1.55,79893.2,,74902.2,5.4,67440,9328.61,8307.9,32182.9,840538.4,80637.9,20119.8,0.64,61800.93,97106.53
Indian Hotels Co. Ltd.,INDHOTEL,18385.5,17651.7,419.6,,14610.9,7631.71,9675.5,2868.8,38045.2,2560.1,5171,4,17487.8,16202.6,1000.9,40.9,15147.5,8045.08,17370.3,3438.9,54887.8,2595.6,2929.6,0.94,49408.58,75892.3
Indian Oil Corpn. Ltd.,IOC,2746974.9,2705595.9,32773.8,443,2696939.2,2271843.32,227179,330692.3,1253202.8,487574.4,-93823.9,1.29,3348773,3300033.9,37284.9,211.6,3302541.4,2835888.02,261391.3,336799,1390637.1,416853.1,-231987.5,1.05,664530.59,978707.65
Indian Overseas Bank,IOB,88142.4,,85472.7,15.7,76119,8153.18,63536.4,62924.4,1018377.2,117849.8,31289.9,1.55,113544.7,,110291.8,685,100286.8,10843.39,104945.8,27909.7,1210734.1,125015.4,27892.1,0.42,47697.24,56713.68
Indusind Bank Ltd.,INDUSINDBK,21789.2,,21366.2,,21038.7,1397.69,19266.6,8790.7,233193.3,29915.5,-3303.7,2.27,27994.4,,27705.5,,26511,1955.71,27578.7,9783.7,276762.1,45562.9,10607.7,0.8,30814,84331.26
J S W Steel Ltd.,JSWSTEEL,129404.5,125178,1649.3,190.4,114958.2,76570.85,71582.1,37381.2,207515.2,23941.5,38460.6,2.09,154784.2,151307.1,446.6,1023.5,153051.4,107456.56,101101.9,74762.8,284465.1,29876.8,41286.9,0.57,130513.22,198542.82
Jaiprakash Associates Ltd.,JPASSOCIAT,46157.4,43675.3,1853.3,,40680.5,21992.55,75491,33997.5,171312.6,39605.9,10119.6,6.82,64968.9,61517.5,2694.2,,56580.8,33862.17,111514,46337.2,255624.7,63671,6148.7,1.61,337556.22,273121.78
Jindal Saw Ltd.,JINDALSAW,52996.5,51610.6,259.9,,51635.1,39371.7,10835.2,13134.5,55167.5,30233.1,3865.4,0.52,70728.3,69682.2,483,1.9,61217.6,50550.55,7194.7,8328.5,55366.5,18193,18104.8,1.64,25378.3,55632.22
Jindal Steel & Power Ltd.,JINDALSTEL,62561.9,61316.3,807.5,0.1,52221.2,27856.96,33897.4,10388.7,97939.3,18500.8,16076.5,8.49,86738.6,84575.3,1786.3,0.1,72104.8,46434.21,42352.6,24462,144923.3,19131,23769.6,3.44,455873.67,583247.41
K S Oils Ltd.,KSOILS,20584,20450.5,125,,19775.8,17493.54,816.1,2825.7,13647.3,7054.5,675,3.46,31794,31628.9,141.8,,32555.9,26599.51,3288.3,3797.6,24173.2,11981.6,3264.8,1.66,21436.52,23985
Kingfisher Airlines Ltd.,KFA,15699,14562.8,347.2,494.3,17580.4,13468.43,6685.5,6415.9,18300.7,4903.9,-5195.5,8.33,62360.4,53548,2527.1,5308.2,78448.7,45840.46,37817.1,34895.7,74447.8,7375.4,-7820.8,-0.4,13654.42,13175.79
Kotak Mahindra Bank Ltd.,KOTAKBANK,31364.5,,30694.2,11.2,28425.2,4513.51,44237.7,23628.2,283153,32660.3,16192.4,6,36393.7,,35283.8,2.7,33632.7,5360.11,60838,23936.5,287118.6,25859,-15353.7,2.5,227019.37,268748.85
L I C Housing Finance Ltd.,LICHSGFIN,23383.2,,23193,,19511.3,332.51,201032.3,3547.3,231272.3,5137.1,-38804.9,1.31,30405.7,,30281.1,,25089.5,426.29,234501.5,6382.2,291448.3,3395.7,-49235.9,0.85,58454.75,94714.26
Lanco Infratech Ltd.,LITL,16036.2,15741.5,254.2,6.7,14567.5,12684.29,4443.4,23312,45156,11705.8,6844.6,5.41,40976.6,40824.2,111.6,20,41093.4,37239.41,8124.7,27076.5,62057.5,16830.7,-1062,1.73,91235.09,161322.93
Larsen & Toubro Ltd.,LT,260503.3,253103.1,5298.1,69.2,246231.9,195104.81,26105.7,117416.9,274326.9,129218.9,19258.4,9.31,364583.8,343566,6421.9,12456,330818.8,266736.9,54892.3,147761.5,376771.6,181500.9,14119.2,3.16,883096.91,1091099.17
Lupin Ltd.,LUPIN,28072.8,26616.2,151.6,1138.9,25480.7,17090.17,8512.9,4383.7,29611.6,14761.9,2530.7,3.11,30295.6,29938.5,151.7,12,26380.5,20185.41,6726.3,7721.8,33915.3,14424.2,3998.8,4.12,79531.7,175138.29
Mahanagar Telephone Nigam Ltd.,MTNL,56080.2,47309.9,3054.5,26.1,50211.3,35191.4,,43219.7,234226.2,89054.8,24478.3,0.51,55161.3,44637.1,5316.8,19.9,53044.2,37415.53,,48352.7,248609,115160.1,15525.6,0.36,64638,41800.5
Mahindra & Mahindra Ltd.,M&M,135051.2,130147.7,1796.8,1727.3,125508.6,89967.54,24718.8,22965.5,104277.1,31650.1,8091.4,3.94,150881.4,146681.3,3216.9,102.7,140910,107650.3,32697.6,35202,143770.8,37705.4,15928.2,2.04,239521.41,362880.87
Mangalore Refinery & Petrochemicals Ltd.,MRPL,377254.6,373391.2,1884.7,,365580.3,305451.17,20088,47488.6,124563.3,66894.4,15591.9,3.63,429066.4,427188.9,1440.9,19,411172.4,356583.84,19821.4,31293.2,122692.7,50130.2,19576.5,1.52,148120.25,132671.73
Maruti Suzuki India Ltd.,MARUTI,219513,212212,4264,,205568,151230.8,5003,20972,161497,20837,18228,2.84,243019,234337,5386,,227266,183777.7,6329,29809,178672,39038,11933,2.41,408648.83,411335.7
Moser Baer India Ltd.,MOSERBAER,20905.9,19632.4,756,6.1,22738.5,16372.45,19052.7,3672.5,52153.1,16032.3,3048.6,1.3,25772.7,22443.8,1244.7,1848.6,27477.3,20015.09,14483.2,5310.8,48521.7,15772.1,5070.2,0.53,14987.66,11545.8
Mphasis Ltd.,MPHASIS,17261.3,17035.6,59.5,2.5,15053.6,10376,47.4,3865.2,14949.8,5337.1,1753.4,4.29,34609.9,34050.2,551.5,8.1,26241.2,18890.07,1265,8661.3,32404.7,10367.4,8743.3,6.99,99832.95,118212.51
N T P C Ltd.,NTPC,406366,372481,29708,21,332218,262886.1,269406,71649,967352,225349,92824,3.08,475618,419728,31597,127,393605,320412.2,342678,74821,1114528,262696,91787,2.48,1777722.12,1645794.69
Nagarjuna Fertilizers & Chemicals Ltd. [Merged],NAGARFERT,22162,21963.6,30.4,,23389.3,16314.5,10618.5,2731.5,37457.2,5208.9,2500.1,1.83,23855.7,23735.7,50,,22470,18061.1,10277,3012.3,34308,4807.3,3954,0.84,15272.7,13723.23
National Aluminium Co. Ltd.,NATIONALUM,60534.6,56014.9,4150.8,5.7,44422.7,21765.39,,13183.1,111243.4,49795.8,19019.1,3.28,60390.8,56241,3765.8,2.8,48550.8,26276.85,,16034,124392.9,44653.6,19382.2,1.42,198833.95,274282.61
Neyveli Lignite Corpn. Ltd.,NEYVELILIG,37849.9,30446.7,5351.8,33.4,26864,16406.44,27658.3,14659.6,153622.1,55827.1,11087.7,2.22,40958.6,28376.3,5973.4,19.7,32753.9,19062.51,40577,20589,179954.9,69654.4,6073,1.49,230685.07,261974.35
Noida Toll Bridge Co. Ltd.,NOIDATOLL,718.8,663.9,7.1,,439,179.12,2178.5,140.4,7398.4,1732.5,1576.5,2.01,803.2,792.1,8.6,,466.3,176.28,1981.1,117.2,6760.9,13.2,495.6,1.13,8006.39,5846.52
Oil & Natural Gas Corpn. Ltd.,ONGC,672608.4,621531.8,36407.1,,506733,335802.5,369.4,233609.2,1279424.2,319233.2,196194.8,2.97,725987.9,664043.1,40713.3,657.7,565535.7,381644.96,267.4,300342.5,1530395.3,289105.1,178516,2.12,2489754.57,2825022.84
Opto Circuits (India) Ltd.,OPTOCIRCUI,3517,3286.9,117.4,0.2,2356.5,2009.09,466.5,120.9,4929.7,3269.8,443.6,9.83,4291.6,4012.3,254.7,,3023.4,2337.35,2921.9,329.7,10660,4267,936.8,4.04,28152.13,44031.71
Oracle Financial Services Software Ltd.,OFSS,18796.7,17929.7,471.3,0.4,14688,7582.77,,4269.6,33144.4,16780.7,3339.7,2.8,23809.2,22126.2,1648.1,,16852.1,8717.7,,6421.3,42873.5,24733.4,4311.4,1.77,128644.65,189666.01
Orchid Chemicals & Pharmaceuticals Ltd.,ORCHIDCHEM,13231,12501.9,716.8,0.2,11579,7551.88,12804.5,2858.3,35585.9,11948.8,2163.9,1.54,12959.6,12032.2,40.3,673.4,14155.2,8671.11,19565,3863.4,43251.1,15439.7,347.9,0.81,6818.79,11728.61
Oriental Bank Of Commerce,ORIENTBANK,76476.1,,73802,31.1,72943.9,5176.74,31643.6,35073.8,907053.3,113290.6,57139.7,0.77,99325.2,,98499.4,4.2,90421,6866.2,23990,33746.9,1125826.1,135258.1,78057.5,0.43,43055.25,81738.58
P T C India Ltd.,PTC,38948.4,38564.6,379.6,,38461.2,37599.03,,1912.5,17538.1,3038.7,142.2,1.49,65434,64503.8,917.9,,64525.7,63198.25,,2562.4,19124,9812.2,-913.6,1.04,26732.29,29572.56
Patel Engineering Ltd.,PATELENG,10354.7,9775.8,424.9,,12283.6,10581.27,1952.5,6351,21507.3,12459.8,-1527.5,4.32,15969.3,14657.2,1209.9,3.5,17603.7,14618.14,3986.7,9284.5,29463.6,16655,-2174.6,0.82,24680.97,29830.16
Petronet L N G Ltd.,PETRONET,66096.9,65553.1,508.1,,61350.4,57143.02,15776.2,4307.5,40299,7886.4,8351.6,3.27,85052,84287,755.9,5,79867.6,75208.52,22816.9,7365.3,54295.5,17313.5,2652.6,1.47,52387.5,58237.5
Polaris Consulting & Services Ltd.,POLARIS,9623.5,9380.2,203.5,,9097.2,5643.84,8.3,1011,7748.6,3306.1,800.8,1.29,12030.6,11713.4,304.5,,10918.7,6466.19,3.6,1687.5,9394.1,3534.1,1962.9,0.64,12173.23,17799.83
Power Finance Corpn. Ltd.,PFC,50566,141.6,50250,,38498.4,464.19,379292.5,22621.4,547657,17838.6,-64942.2,1.99,71010.3,,65636.5,,51310.7,488.45,492342.9,18605.9,682190,17481.1,-108280.2,1.34,268520.02,344502.18
Power Grid Corpn. Of India Ltd.,POWERGRID,51786.2,46364,3738.6,61.4,37494.5,14057.07,232105.5,36726.7,433337.7,44272.8,29966,3.01,70416,57135.4,12951.9,0.8,53694.5,16736.6,298750.2,61236.7,544781.5,64652.8,64757.3,2.71,494117.96,438140.37
Praj Industries Ltd.,PRAJIND,7756.8,7322.9,371.1,,6074.1,4672.61,,3186.7,7360.2,2954.6,802.4,7.11,8172.5,7934.5,209.6,,6875,4795.54,0,3401.6,9249.9,4594.3,958.1,2.42,16625.9,15130.08
Punj Lloyd Ltd.,PUNJLLOYD,46235.6,45487.9,461.4,8,44023.6,33350.29,7495.2,13635.2,53232.5,28149.4,-2348.2,3.91,69725.7,67424.1,2042.2,78.7,66514.7,50149.69,11571.9,24006.3,82157.9,49649.2,-6507.3,1.06,74880.46,45214.84
Punjab National Bank,PNB,162914.9,,160584,14.7,142427.3,19732.64,115768.8,80582.8,1990487.7,217200.3,68916.8,1.49,225561.3,,219395.9,22.5,194652.5,23321.64,124242.4,91333.2,2469396.6,250043.4,118241.3,0.99,217637.55,330736.56
Ranbaxy Laboratories Ltd. [Merged],RANBAXY,42806.3,39734.1,1654,963.5,54410.1,27808.16,28307.5,35414,120387.4,43178.2,-4276.2,3,55478.7,46533.7,6079.8,263.8,50331.7,34438.51,27048.6,26508.7,116344.3,37046.3,-6662.4,5.5,117725.15,193675.64
Reliance Capital Ltd.,RELCAPITAL,20866.9,52,20814.9,,10646.5,1299.35,1919.2,8446.9,164956.1,12286,-60205.1,5.01,30179.4,66.1,29778.3,0.1,20499.2,1474.7,24097.7,1521.3,213496.9,7602.2,-3582.7,1.28,217483.28,187356.42
Reliance Communications Ltd.,RCOM,153276.4,147951.3,5162.9,1.2,127411.9,75955.33,142114.3,72077.6,570883,23522.9,29828.2,4.24,199673.9,150895.8,10956.5,31430.4,151647.2,95404.24,250138.6,57814.9,922774.8,32327.1,18848.7,0.7,569155.41,409296.53
Reliance Industries Ltd.,RELIANCE,1459331.8,1392694.6,65246,42.5,1245596.3,1094363.29,281113.5,210454.7,1501494.4,248277.1,129307.4,4.17,1484272.3,1463280.7,20291.9,95.7,1335454.7,1190012.51,669378.9,326910,2459531.6,416324.9,145165.2,2.1,3077544.24,3564588.02
Reliance Infrastructure Ltd.,RELINFRA,73823.7,61010.4,8871.6,615.6,65281.8,53701.17,39888.8,26195.3,204091.7,24193.6,2277.6,2.87,111710.5,97597.8,10175.6,79.5,99125.5,81997.5,53297.2,46555,255664.9,43544.6,8926.4,1.11,271574.56,294089.18
Reliance Natural Resources Ltd. [Merged],RNRL,3673.1,2027.9,1639.1,,2987.1,1889.79,12036,466.7,29806.4,558.9,83.6,9.42,4714.1,2700.1,1812.9,1.9,4015.4,2252.06,15216,743.9,33962.3,1972,283.5,4.07,136284.73,107704.95
Reliance Petroleum Ltd. (2005) [Merged],RPL,,,,,,0,128275.3,10998.8,273810.9,7504.2,-3689.7,5.23,,,,,,,,,,,,,546300,
Reliance Power Ltd.,RPOWER,1328.7,,1328.3,,382,22.4,,4238.6,139743.3,3612.1,3374.1,5.31,3347.2,,3346.9,,858.2,235.37,,430.5,138521.6,144.3,-5245.7,1.78,403141.76,410811.52
Rolta India Ltd.,ROLTA,8988.8,8509.2,408.4,,6371.4,4470.09,6937.9,1137.4,22479,7710.7,3331.1,3.04,10242.6,9466.9,477.7,250.2,6409.7,5023.83,9646.1,1192.2,28604.4,7965.8,3664.2,1.25,25205.59,27069.76
Rural Electrification Corpn. Ltd.,RECLTD,35556.6,,35540.4,,26955.1,692.96,330862,14865.7,429493.8,25355.8,-56893.4,1.7,49451.2,,49070.5,0.1,36730.4,652.25,385578.7,24367.1,559677.5,31211.1,-100716.1,1.33,174050.38,300730.64
Shipping Corpn. Of India Ltd.,SCI,41231.6,37268.4,2557.5,34.9,33092.6,22624.81,14542,8405.2,81564.8,28916.7,8922.7,1,46107.3,41671,3312.3,346.3,36700.6,24559.04,24716.7,9736.1,101154.6,35891.7,11102.4,0.52,56891,66820.99
Shree Renuka Sugars Ltd.,RENUKA,18163.6,17963.4,17.8,,17182.3,15072.16,8798.5,1706.8,19293.3,3342.4,832.6,4.6,23262.4,23206.5,53.5,0.6,27642.4,18332.07,9470.9,8496.1,36775.7,13836.2,-2280.7,5.03,52938.14,45445.93
Siemens Ltd.,SIEMENS,90464,86100.7,2555.8,1505.1,84519.6,71178.91,10.6,42663.6,81330.4,51966,6616.8,6.51,91817,86143.3,4844,238.3,82464.6,71080.67,5.9,39656,97744.3,59536,3468.3,6.44,162410.07,248385.92
Sintex Industries Ltd.,SINTEX,18348.5,17902.9,377.6,6.8,16378.6,12303.88,13569.5,3124.3,37542.7,19658.9,404.4,3.31,20767.7,19820.4,869.4,4.1,18299.8,13927.12,18826,2897.9,42829.7,17770.6,2319.5,0.82,29728.71,44115.32
State Bank Of India,SBIN,584404.9,,575250.5,110.4,517113.7,65609.5,651631.7,583477.6,7221250.9,1093634.4,244574.8,2.06,765405.5,,755884.9,,674193.2,81979.73,831379.9,747032.9,9650429.6,1374673.8,1134654.9,1.17,1150180.75,1461501.84
Steel Authority Of India Ltd.,SAIL,474548.2,456850.4,13113.3,497.8,403543.2,251773.24,18070.8,64009.7,422321.6,249923.8,81395.2,3.32,513746.2,488372.7,18468.1,469.4,470770.9,310384.7,58761.7,76886.7,556566.4,326492.1,59059.8,1.42,724059.22,795928.19
Sterling Biotech Ltd.,STERLINBIO,11884.1,11783.8,,,9660.9,7205.88,20296.7,456.1,47426.7,8598.4,-258.9,2.19,15107.5,14381.7,,620.5,14450.5,9208.69,23543.5,483.3,55401.1,12855.2,-13.2,1.15,28159.62,26983.7
Sterlite Industries (India) Ltd. [Merged],STER,143104.5,134515.9,8185,,134896.2,118994.08,3031.7,7873.9,184350.6,33602.8,8554.2,3.85,133457.7,122777.4,7258.5,,117928,98843.61,1575.9,9729.7,198605.1,37410.2,19762.4,1.8,541890.19,571069.16
Sun Pharmaceutical Inds. Ltd.,SUNPHARMA,33434.4,24273.5,9088.4,6.5,23467.8,18748.25,796.4,7263.1,54743.8,24659.4,6258.9,6.05,41140.6,28336.5,12388.2,4.7,28725.5,23060.82,0,5730.9,62941.4,24898.6,12272.3,4.47,243309.98,369723.47
Sun T V Network Ltd.,SUNTV,9259.9,8610.6,567.2,1.3,5590.1,2339.51,0,1280.2,17510.8,7182.3,3598,8.1,10915.2,10082,616.3,162.6,6544.1,3293.4,0,1479.9,20447.1,7325.2,5846.5,3.67,105949.65,172214.98
Suzlon Energy Ltd.,SUZLON,71849.8,69422.4,1475.7,,60734.1,45620.44,25905.3,19463.9,129335.7,56838.1,4849.4,5.68,74164.6,72544.7,1550.1,1.6,79530.5,51842.07,45492.4,33017.7,179140.6,67622.2,-3703.8,0.98,155359.8,101057.1
Syndicate Bank,SYNDIBANK,88467.4,,85666.7,4.3,79986.7,7937.72,38882.1,34036.3,1071322.8,136218.1,52681.4,1.01,105551.4,,101272.4,4.8,96423.2,9461.75,54140.7,35504.4,1302556.7,169345.9,8614.4,0.55,43610.45,47916.69
Tata Chemicals Ltd.,TATACHEM,48849.5,42085.7,6374.3,48.1,39614.8,27573.2,22261.8,9706.6,75670.5,16018.1,4598.9,1.84,87258.3,85380.1,1178,2.2,83693.2,64339.3,29245.6,17709.9,100017.6,28725,5757.7,0.86,59768.29,81320.57
Tata Communications Ltd.,TATACOMM,34680.4,32833,803.1,15.8,31635.8,24965.92,0,19363.1,100318.2,15460.1,3030.8,2.23,43379,37494.3,5367.6,,38219.5,26545.19,17388.2,25214.5,124767.7,20421.3,10868.5,2.17,144010.5,74755.5
Tata Consultancy Services Ltd.,TCS,193716,182936.7,6723.7,,148628,94786.85,89.8,24041.8,148061.9,52917.3,38279.1,7.27,227990.6,224079,2590.7,82.7,181045.8,114756.55,389.2,35138.8,186106.4,62998.9,48343.6,3.95,1029400.38,1469872.97
Tata Motors Ltd.,TATAMOTORS,338855.7,324347.8,12418.9,508.1,318161.7,236674.16,38669.8,86436.7,261608.9,60492.7,61794.7,3.07,301757.4,285132.8,13970.3,643,289211.5,220575.64,68437.4,85979.7,382686.3,51809.7,12950.2,0.66,189627.21,394217.89
Tata Power Co. Ltd.,TATAPOWER,64969,59205.3,4978.5,62.7,56262.6,50124.86,29220.6,12538.7,130941,20035.5,10926.6,3.22,79405.5,72710.5,6335.7,9,70182.8,61908.68,43535.2,14193.3,161847.6,23598.1,6231.4,1.96,308221.19,310480.92
Tata Steel Ltd.,TATASTEEL,231646.3,221893.6,9452.2,282.6,185163.3,93308.82,178899.8,38552.6,551720.1,36473.7,62542,2.32,274952.4,268435.3,6517.1,,225827.7,126271.78,268561.8,60398.6,691031.7,62046,75499,0.61,368032.01,430875.57
Tata Teleservices (Maharashtra) Ltd.,TTML,18153.1,17838.4,112.6,45.1,19410.5,11869.65,16980.4,13212.4,36844,4786.6,4804.7,-26.53,20686.1,20410.8,0.3,75.7,22280,13114.42,14908.5,15354.4,40257.4,5310.6,3816.7,-11.77,65548.15,42307.49
Tech Mahindra Ltd.,TECHM,37243,36047,871,,33821,10808.3,650,6598,22497,12761,2097,6.97,44036,43601,125,,34170,12504,,8793,29662,15663,12003,1.72,103361.85,91091.05
Television Eighteen India Ltd.[Merged],TV-18,3276.3,2922.2,344,,2971.4,983.18,1838.9,3401.1,14295.8,2830,1526.8,9.52,4250.6,2877.1,1003.2,2.3,4052.4,1273.62,5905.4,1580.3,16309.9,2867.8,139.6,1.54,12169.44,17546.5
Titan Company Ltd.,TITAN,31828.8,30981.9,272.5,,33305,23310.6,1572,8019.1,16175,11763.2,982,10.76,39533.4,39260.9,259.3,,39730.5,30258.35,1201.7,9411.3,18013.5,13708.8,1535.8,6.3,54334.73,105213.76
Triveni Engineering & Inds. Ltd.,TRIVENI,17600.8,16995,31.1,,17587.3,12427.09,7681.8,3736.4,26123,7766.8,122.1,2.64,20162.4,19678,221.2,1.5,16177.8,14296.43,7388,5072.1,26190.3,7540.3,5380.1,3.11,28173.41,26290.88
Tulip Telecom Ltd.,TULIP,12395.1,12164.4,195.8,,11020.6,9697.86,7446,513,14109.7,8625.9,1451.1,5.57,17037.1,16082.8,933.9,,14763.3,12465.59,10401.7,2341.8,20834.9,7592,2870.2,1.49,29081.2,25347.45
Uco Bank,UCOBANK,74262.6,,70396.6,0.7,70141,7303.88,44669.8,19879.4,897949.5,94602.8,76164.1,1.19,92809.3,,89297,0.6,87232.1,9211.37,51338.2,20248.3,1119959.1,123611.3,72797.9,0.47,23512.61,42547.93
Ultratech Cement Ltd.,ULTRACEMCO,63865.1,62858,512.9,2.6,54023.2,22857.27,11022.1,11530.1,62720,9270.6,13818.3,3.62,72662.6,71604.2,508.5,11.6,63755.8,29456.64,15397.4,11209.2,77364.7,9904,14469.9,1.91,99464.22,109461.49
Union Bank Of India,UNIONBANK,105936.8,,101535.9,,92066.5,7701.08,83071.1,41961.5,1242867.2,129778.3,72093.7,1.26,135040.7,,129017,92.4,117775.2,10228.5,87749,46696.8,1613376.6,187720.8,156147.1,1.05,118147.08,157116.92
Unitech Ltd.,UNITECH,29697.3,28105.1,1448.3,,19393.5,11110.63,28251.9,63187.3,166304,82035.9,-33472.8,20.91,24549.1,18450.8,5721.1,296.2,17152.2,6858.29,40583.5,71115.9,171478.8,95500.5,19178.6,1.98,215230.97,187202.73
United Spirits Ltd.,MCDOWELL-N,55615.6,55189.3,232.1,2.7,53075.8,18114.24,7417.4,7298.3,39785.8,8324.8,4312.8,7.49,75234.9,74707.2,183,47.8,74260.5,25782.74,9525.8,8893.9,60164.6,14123.8,-1368.7,2.12,109854.8,164559.97
Vijaya Bank,VIJAYABANK,44306.2,,42288.2,63.1,40693.4,3441.45,35666.4,20041.2,561851.3,67380.8,32987.7,1.02,60011,,57213.1,5.5,57386.2,4865.46,22690.5,21998.5,623821.6,85324.2,32900.9,0.44,18944.73,27983.57
Voltas Ltd.,VOLTAS,31676.2,30862.2,342.1,282.9,30419.5,24673.13,200,12174,20748.3,14514.9,3458.3,11.04,42051.8,40702.9,772.3,346.3,41062.1,33077.21,100,18245.3,29922.7,23022.9,580.8,2.09,47697.04,65697.17
Wipro Ltd.,WIPRO,181325,176581,3583,,151153,91980,14356,33616,202772,87746,7159,5.47,221875,216128,4840,,192099,109909.8,19156,55643,250724,112042,43445,2.88,718438.92,941799.23
Yes Bank Ltd.,YESBANK,16717.3,,15969.7,,14717.1,1748.44,15957.1,6240.4,169832.2,21288.4,17246.9,3.78,24603.7,,24239,,21565.3,2078.74,29566.8,13263.5,229008,28215.5,4537.8,0.91,47428.97,91836.74
Zee Entertainment Enterprises Ltd.,ZEEL,11439.2,10419.9,766.5,,8971.6,4171.24,899.3,3665.7,29278.6,7055.3,1847.8,5.01,13830.3,12100.8,990.7,,11552.5,5857.82,1209.5,2830.2,29997.6,8282.5,2071.2,1.97,80703.62,147694.87
