,,,,,,,,,,,,,,,,,,,,,,,,,NSE,NSE,NSE,,,,,,,,,,,,,,,,,,,,,,
,Annual Finance Standalone,Annual Finance Standalone,Annual Finance Standalone,Annual Finance Standalone,Annual Finance Standalone,Annual Finance Standalone,Annual Finance Standalone,Annual Finance Standalone,Annual Finance Standalone,Annual Finance Standalone,Annual Finance Standalone,Annual Finance Standalone,Annual Finance Standalone,Annual Finance Standalone,Annual Finance Standalone,Annual Finance Standalone,Annual Finance Standalone,Annual Finance Standalone,Annual Finance Standalone,Annual Finance Standalone,Annual Finance Standalone,Annual Finance Standalone,Annual Finance Standalone,Annual Finance Standalone,Finance S / Interim SQ,Finance S / Interim SQ,Finance S / Interim SQ,,,,,,,,,,,,,,,,,,,,,,
,Rs. Million,Rs. Million,Rs. Million,Rs. Million,Rs. Million,Rs. Million,Rs. Million,Rs. Million,Rs. Million,Rs. Million,Times,Rs. Million,Rs. Million,Rs. Million,Rs. Million,Rs. Million,Rs. Million,Rs. Million,Rs. Million,Rs. Million,Rs. Million,Times,Rs. Million,Rs. Million,Rs.,Times,Rs.,,,,,,,,,,,,,,,,,,,,,,
,Mar-09,Mar-10,Apr-10,Apr-10,Apr-10,Apr-10,Apr-10,Apr-10,Apr-10,Apr-10,Apr-10,Apr-10,Apr-10,Apr-11,Apr-11,Apr-11,Apr-11,Apr-11,Apr-11,Apr-11,Apr-11,Apr-11,Apr-11,Apr-11,1-Jul-11,1-Jul-11,2-Jul-12,,,,,,,,,,,,,,,,,,,,,,
Company Name,Total assets,Total assets,Total income,Total expenses,Extra-ordinary income,Extra-ordinary expenses,Total term liabilities,Average total assets,Net sales,Cost of goods sold,Current ratio (times),Net cash flow from operating activities,Income from financial services,Total income,Total expenses,Extra-ordinary income,Extra-ordinary expenses,Total term liabilities,Average total assets,Net sales,Cost of goods sold,Current ratio (times),Net cash flow from operating activities,Income from financial services,Adjusted Opening Price ,P/B ,Adjusted Closing Price ,BM Ratio,Returns,ROA-This Year,ROA-Last Year,Delta_ROA,CFO,NegAccrual,Dliquid,Dlever,Net Sales-This Year,Net Sales-Last Year,Delta_Margin,Delta_Turn,F_ROA,F_DROA,F_CFO,F_Naccrual,F_LIQUID,F_LEVER,F_MARGIN,F_TURN,F_SCORE
3I Infotech Ltd.,27428.2,29450.5,9508.8,10504.9,291.9,3339.7,8618.5,28439.35,5195.3,3627.36,0.35,1948,97.9,9177.8,7983.9,,20.7,13333,31276.6,5479.2,3740.88,0.5,2337.3,93.4,46,0.91,10.25,1.098901099,-0.777173913,0.04124208418,0.07480257545,-0.03356049128,0.07936367804,0.03812159386,0.15,0.1232447222,5479.2,5195.3,0.01545829029,-0.007494701608,1,0,1,1,1,0,1,0,5
A B B India Ltd.,56082.3,57812.2,65729,62617.5,,70.4,,56805.85,62419.9,50339.99,1.47,3544.9,183.3,66952.3,66417.7,,41.9,,59087.55,62947.7,54491.6,1.43,2206.8,133.1,878.35,7.27,804.65,0.1375515818,-0.08390732624,0.009971943638,0.05673626082,-0.04676431718,0.03817187376,0.02819993012,-0.04,0,62947.7,62419.9,-0.0591912545,-0.03349940068,1,0,1,1,0,1,0,0,4
A B G Shipyard Ltd.,42052.5,53942.3,19231.3,18399.9,51.9,29,14593.4,47526.7,18076.7,12302.64,0.47,-2923.3,979.9,21937.1,17305.6,10,1.5,10128,64540,20770.9,14341.46,0.77,14872.6,1131.6,356.05,1.43,379.65,0.6993006993,0.06628282545,0.08570268602,0.01922596754,0.06647671848,0.2757131231,0.1900104371,0.3,-0.150130938,20770.9,18076.7,-0.009879275161,-0.05851843653,1,1,1,1,1,1,0,0,6
A C C Ltd.,86462.2,102436.9,90089.6,74309.7,,25.5,5669.2,94449.55,79214.3,33089,0.66,23970.8,803.8,90486.1,79842.5,,383.7,5138.9,112412.1,75512.8,37336.71,0.51,19353.8,1011.2,952.05,2.51,1311.65,0.3984063745,0.3777112547,0.1076496848,0.1828012704,-0.07515158555,0.1889338705,0.08128418568,-0.15,-0.01430874909,75512.8,79214.3,-0.07672715103,-0.1669445589,1,0,1,1,0,1,0,0,4
Aban Offshore Ltd.,46604.6,57131,13638.4,10834,,0.1,28917.6,51867.8,11795.5,3036.45,0.5,7012.9,1799.5,12673.2,10333.7,4.1,,25022.7,56927.1,11887.8,3251.58,0.54,5625.1,709.1,528,1.11,394.35,0.9009009009,-0.253125,0.04087798218,0.06017646327,-0.01929848109,0.09845968038,0.0575816982,0.04,-0.1179681856,11887.8,11795.5,-0.01609799324,-0.01858972571,1,0,1,1,1,1,0,0,5
Adani Enterprises Ltd.,67058.2,80636.4,117750.8,114567.8,68.1,8.5,15926.8,73847.3,114317.5,105095.7,0.77,6630,2945.9,34628.1,34159.6,65.6,557.7,7968.1,98569.35,29087.7,25407.64,1.63,-4074.6,5051.6,731,7.83,235,0.1277139208,-0.6785225718,0.0119127342,0.04657745063,-0.03466471643,-0.05053052964,-0.06244326384,0.86,-0.1348345675,29087.7,114317.5,0.04584770467,-1.252926621,1,0,0,0,1,1,1,0,4
Adani Ports & Special Economic Zone Ltd.,65245.8,80770.3,15643.3,8633.5,41.3,,14138.2,73008.05,12830.7,4588.97,0.32,10350.5,2657.3,20052.9,10191.3,329.1,,15476.3,82938.25,17289.6,6285.39,0.27,12591.6,2338.8,163,7.16,124.75,0.1396648045,-0.2346625767,0.1180198662,0.1068038096,0.01121605662,0.1558939363,0.03787407005,-0.05,-0.00705234587,17289.6,12830.7,-0.005880415877,0.03271989182,1,1,1,1,0,1,0,1,6
Adani Power Ltd.,78258.7,168386.1,4667.9,2959.9,,,26948.3,123322.4,4348.6,2227.35,0.16,-163.3,319.3,21942.8,16705.3,6.6,,153418.3,213699.15,20576.5,9212.45,0.51,14502,865.5,110.05,3.68,51.15,0.2717391304,-0.5352112676,0.03106491569,0.02182504948,0.009239866207,0.08612349832,0.05505858263,0.35,0.4993981203,20576.5,4348.6,0.06448227265,0.06102518886,1,1,1,1,1,0,1,1,7
Aditya Birla Nuvo Ltd.,96006.7,98850.9,50834.1,47968.5,6.6,71.3,23863.3,97428.8,48304.8,34726.98,0.61,10647.6,603.3,68044.9,65873.8,,8.1,17954.8,100668.7,64500.4,47059.87,0.9,3321.1,586.5,862.5,1.87,806.75,0.5347593583,-0.06463768116,0.0220453228,0.03052182816,-0.00847650536,0.03359706386,0.01155174106,0.29,-0.0665753192,64500.4,48304.8,-0.01069221458,0.1449236044,1,0,1,1,1,1,0,1,6
Allahabad Bank,976577.7,1217041,103268.9,91205.6,,5.6,54354.7,1088099.05,,8484.54,3.18,102817,100582.3,124765.6,110534.5,0.4,0.4,66060.1,1356311.1,,12469.8,3.1,53608.3,121377.4,198,1.15,150.6,0.8695652174,-0.2393939394,0.01169319686,0.01235836124,-0.0006651643843,0.04404806412,0.03235486726,-0.08,-0.001248102637,121377.4,100582.3,-0.01838155919,-0.002947725916,1,0,1,1,0,1,0,0,4
Alok Industries Ltd.,91668.5,121964.3,45991.6,46856.4,16,828.4,71183.4,106816.4,44409,29031.26,1.9,1845.5,731.7,67553.5,65735.4,,17.4,77370.9,132467,65123.6,44901.24,1.43,11260.8,1196.5,24.05,0.65,17.96,1.538461538,-0.2532224532,0.01504948579,-0.0005716249311,0.01562111072,0.09232865683,0.07727917104,-0.47,-0.08233211457,65123.6,44409,-0.03575254476,0.07587054459,1,1,1,1,0,1,0,1,6
Alstom India Ltd.,29136,30796.2,21228.5,20925.2,2.6,,0,29888.45,20398,16037.05,0.83,3440.3,227.2,19033.7,17345.6,2481.2,2729.1,15.1,31308.7,15719,11092.15,0.81,2739,419.1,516.1,5.92,386.3,0.1689189189,-0.251501647,0.06286489892,0.01032056562,0.05254433329,0.08893954449,0.02607464557,-0.02,0.0004822940588,15719,20398,0.08055458589,-0.1804060667,1,1,1,1,0,0,1,0,5
Alstom T & D India Ltd.,28898.6,41802.1,37445.7,35133.6,20.2,83.3,636.5,35337.6,35687.9,28465.28,0.82,2278.8,0.7,42843.2,42202.1,0.2,,4360,45722.45,40167.4,32296.15,1.27,1093.2,1.7,260.5,5.9,193.85,0.1694915254,-0.2558541267,0.01533176563,0.08219083277,-0.06685906714,0.0261517962,0.01082003057,0.45,0.07734599375,40167.4,35687.9,-0.006421727896,-0.1314079744,1,0,1,1,1,0,0,0,4
Ambuja Cements Ltd.,78533.7,89013.7,79959.6,67281.5,610.6,64,657,83773.7,70714.6,33188.39,1.02,21025,608.6,87318,75217.6,399.1,32.7,565,96477.95,73838,34430.31,1.25,18501.1,1812.4,134,2.45,175.8,0.4081632653,0.3119402985,0.1318224049,0.1544750852,-0.02265268035,0.2078455339,0.07602312902,0.23,-0.001986296373,73838,70714.6,0.003033413752,-0.07877906207,1,0,1,1,1,1,1,0,6
Andhra Bank,685292.3,904308.1,73795.6,63337.1,5.5,,58524.4,794800.2,,7196.75,5.77,79315.7,70053.7,91885,79214.3,8.6,532,76397.4,997700.25,,7999.65,5.47,2441.3,87660.8,119.1,1.08,118.2,0.9259259259,-0.007556675063,0.01459027073,0.01525334518,-0.000663074451,0.002699633012,-0.01189063772,-0.3,0.002939396644,87660.8,70053.7,0.01147503686,-0.0002771504315,1,0,1,0,0,0,1,0,3
Apollo Tyres Ltd.,31626.2,44616.8,54792.9,50904.7,,39.3,8199.7,38090.3,50382.8,37795.56,0.56,7026.6,240.5,60755.4,62860.1,161.1,,10719.1,51293.45,54693.6,45221.58,0.61,1533.1,263.9,78.85,2.07,79.3,0.4830917874,0.005707038681,-0.05078356135,0.1241850112,-0.1749685725,0.03436149612,0.08514505747,0.05,-0.006294029518,54693.6,50382.8,-0.07664875149,-0.2564317668,0,0,1,1,1,1,0,0,4
Ashok Leyland Ltd.,79261.8,93230.5,81672.4,79954.1,52.7,112.6,21372.3,72756,74306.2,61568.25,1.06,10673.2,814.9,124372.4,119814.8,18.9,33.3,25382.7,86504.9,114013,95024.83,1.03,8804.7,293.3,24.4,2.35,24.5,0.4255319149,0.004098360656,0.04903974558,0.02243451448,0.02660523109,0.09444012421,0.04540037863,-0.03,-0.0003280957942,114013,74306.2,-0.004881227182,0.2966878694,1,1,1,1,0,1,0,1,6
Asian Paints Ltd.,33557.2,46233.9,59520.7,53070.8,70.2,,659.6,39895.55,53455.9,32009.05,0.41,8482.2,1215.7,73219.6,67043.5,19,1,617.6,42562.8,66051.6,41162.01,0.9,7432.5,433.5,318.5,14.28,392.12,0.0700280112,0.2311459969,0.1331944742,0.1901141931,-0.05691971889,0.1607586641,0.02756418991,0.49,-0.002022848677,66051.6,53455.9,-0.02438602004,0.2119658853,1,0,1,1,1,1,0,1,6
Aurobindo Pharma Ltd.,41474.1,46340.4,34404.2,30621.4,92.6,,9304.1,43907.25,32491.1,23640.64,1.34,3463.8,980.4,42870,38295.8,2.4,0,10968,52583.6,41265,30092.56,1.68,2445.7,490.2,86.75,2.01,57.02,0.4975124378,-0.3427089337,0.0986568955,0.08897601153,0.00968088396,0.05277684267,-0.04588005283,0.34,-0.003321357648,41265,32491.1,-0.001647864596,0.04475641389,1,1,1,0,1,1,0,1,6
Axis Bank Ltd.,1477588.4,1806805.3,156123.3,130978,,38.7,171695.5,1642196.85,,13380.07,3.25,51840.7,154301.7,197942.6,164057.7,,69.8,252678.8,2117132.8,,17302.86,2.94,149622.5,194608.6,262.8,2.7,205.86,0.3703703704,-0.2166666667,0.01879267235,0.0170439887,0.001748683643,0.08281052751,0.06401785516,-0.31,0.01479720207,194608.6,154301.7,-0.002197384448,-0.00203971027,1,1,1,1,0,0,0,0,4
B E M L Ltd.,41944.6,44595.9,31179.6,30461,0.8,,1442.1,43270.25,28519.1,22356.42,1.63,896.9,231.2,30443.9,30426.2,0,0.2,1443.1,43849.9,26197.3,21471.29,1.66,-1583.4,399.2,576,1.14,394.05,0.8771929825,-0.3158854167,0.0004013821898,0.01711304912,-0.01671166693,-0.03550550611,-0.0359068883,0.03,-0.000417753046,26197.3,28519.1,-0.03568891607,-0.06166132658,1,0,0,0,1,1,0,0,3
B G R Energy Systems Ltd.,26737.2,38177.3,31009.3,28980.4,,1.3,489.7,32457.25,30681.3,22929.29,0.85,3256.6,201.8,47802.7,44593.2,,0.3,538.8,45330,47488.6,39754.47,0.95,-1942.4,185.5,450.25,3.38,308.25,0.2958579882,-0.3153803443,0.08407613949,0.07593166076,0.008144478729,-0.05087840156,-0.134954541,0.1,-0.003201370123,47488.6,30681.3,-0.08979949433,0.1023362667,1,1,0,0,1,1,0,1,5
Bajaj Auto Ltd.,60473.6,87389,126750.4,110225.3,98.7,34.2,13255.8,73931.3,117729.9,89041.44,0.69,27039,1487.6,187525.9,154956.5,8388.1,201.2,1677.3,90791.9,163697,127995.18,0.67,14857.8,5064.4,1432.1,7.33,1558.1,0.136425648,0.08798268277,0.2790110884,0.272194809,0.006816279378,0.17001911,-0.1089919784,-0.02,-0.1608247747,163697,117729.9,-0.02558335066,0.2105682704,1,1,1,0,0,1,0,1,5
Bajaj Hindusthan Sugar Ltd.,65439.5,111049.7,32403.9,39402.1,2.5,1,52031.3,88244.6,28709.9,24974.45,1.14,-6755.1,1976.3,52034.9,43030.2,,27.1,37724,106683.75,49253.5,41985.82,0.62,15792.3,1257.8,60.26,0.5,30.95,2,-0.4863923,0.08133115173,-0.1069644481,0.1882955998,0.1422092991,0.06087814735,-0.52,-0.236020013,49253.5,28709.9,0.01744644929,0.1363330683,1,1,1,1,0,1,1,1,7
Bajaj Holdings & Invst. Ltd.,54876,65223.1,8523.5,862.8,,52.6,,60049.55,3.3,11.48,0,6775.4,8257.6,10788.3,787.4,,,,58068.4,1.3,18.59,0.48,6917.8,10743.2,726,1.76,786.95,0.5681818182,0.08395316804,0.1533337115,0.1405587142,0.01277499733,0.1060636492,-0.04727006229,0.48,0,1.3,3.3,-10.82121212,-0.00003256722522,1,1,1,0,1,1,0,0,5
Balrampur Chini Mills Ltd.,27653.5,39896.1,30925.8,41255.9,32,182.3,7166.8,39894.3,29277.5,23935.44,1.04,-6318.8,164.4,30925.8,41255.9,32,182.3,7166.8,39894.3,29277.5,23935.44,1.04,-6318.8,164.4,62.8,1.25,51.95,0.8,-0.1727707006,-0.2551577723,-0.3681197678,0.1129619955,-0.1583813957,0.09677637664,0,0,29277.5,29277.5,0,0,0,1,0,1,0,1,0,0,3
Bank Of Baroda,2266722.3,2783166.9,200509,169925.7,12.6,12.1,132418.9,2524944.6,,20148.2,4.83,203656.7,191387.7,249754.1,207337.3,13.7,15.5,221933.7,3177356.9,,21933.46,6.04,149301.8,239231.2,175.6,1.64,145.63,0.6097560976,-0.1706719818,0.01524112693,0.01349208061,0.00174904632,0.05364457302,0.03840344609,1.21,0.01740424787,239231.2,191387.7,0.01359115966,-0.00050625448,1,1,1,1,1,0,1,0,6
Bank Of India,2259316.6,2749664.7,204946.2,187535.5,,,223081.2,2488796.1,,18203.9,4.65,187269.3,199587.7,243934.9,219047.8,,,218429.6,3116954.7,,26977.12,3.75,260194.2,237835.7,413,1.37,347.9,0.7299270073,-0.1576271186,0.009050958104,0.007706179824,0.00134477828,0.09462761041,0.08557665231,-0.9,-0.01955629372,237835.7,199587.7,-0.02222002252,-0.003890608355,1,1,1,1,0,1,0,0,5
Bata India Ltd.,5844.2,6158.9,11239.3,10449.4,7.3,10.2,0,5632.05,10878.7,7598.55,1.33,1119.3,36.4,12938.8,12212.9,3.3,6.4,,6780.65,12488.4,8553.9,1.18,1628.4,84.7,307.5,7.63,438.95,0.131061599,0.4274796748,0.1183652925,0.1356558639,-0.01729057143,0.2643978633,0.1460325708,-0.15,0,12488.4,10878.7,0.01353196634,-0.08979987803,1,0,1,1,0,1,1,0,5
Bharat Electronics Ltd.,100810.5,109182.2,55953.8,49122.6,34.2,313.5,7.3,104996.35,51960.2,39885.07,1.43,10277.4,2406.2,59434.5,50913.4,13.6,,4.1,133054.35,55163.4,41554.14,1.22,30175.3,2726.7,525.07,2.53,451.47,0.395256917,-0.1401717866,0.07792021044,0.07053332738,0.007386883056,0.2763756363,0.1984554259,-0.21,-0.00003871175095,55163.4,51960.2,0.01431623579,-0.08028326647,1,1,1,1,0,1,1,0,6
Bharat Forge Ltd.,41711.2,45154.4,19817.8,18818.4,,0.6,17418.5,43432.8,18430.3,13452.51,1.17,5330.8,371,31502.1,28752,,0.4,14545.3,45012,29424.5,21164.98,1.41,3410.1,306.5,306.5,3.41,299.75,0.293255132,-0.0220228385,0.06091322219,0.02397437619,0.036938846,0.07552087947,0.01460765728,0.24,-0.07790211498,29424.5,18430.3,0.01061483409,0.2293628663,1,1,1,1,1,1,1,1,8
Bharat Heavy Electricals Ltd.,483337.3,544094.8,384327.7,349087.8,3,,1221.9,513716.05,331707.4,259151.66,1.15,14269.9,9498.1,459906.5,401068,42.7,,1595.9,610626.1,419720.8,287455.49,1.07,26586.1,7564.8,412,4.79,235.1,0.2087682672,-0.429368932,0.1080616834,0.07290333272,0.03515835064,0.04886299226,-0.05919869111,-0.08,0.000234995639,419720.8,331707.4,0.09639272762,0.04165953954,1,1,1,0,0,0,1,1,5
Bharat Petroleum Corpn. Ltd.,481777.4,545666.5,1337731.1,1362254.3,40.7,,121513.3,513721.95,1215140.1,1145515.33,0.83,-15466,18197.1,1650841,1655936.2,,76.9,148603.2,558827.35,1508953.3,1432628.17,1.1,30091,11154.5,325.48,2.03,373.57,0.4926108374,0.1477510139,-0.009196643004,-0.05098599478,0.04178935177,0.05514540475,0.06434204775,0.27,0.02938454482,1508953.3,1215140.1,-0.006716224789,0.3348484102,0,1,1,1,1,0,0,1,5
Bharti Airtel Ltd.,533022.5,613388,368381,274114,,171,43667,573184.1,355891,200752.7,0.26,126282,11389,385095,307926,5,246,99131,704828.5,380096,229357.4,0.15,132302,2102,394.9,3.2,310.2,0.3125,-0.2144846797,0.1262007082,0.1771745095,-0.05097380132,0.215690558,0.08948984982,-0.11,0.06446235942,380096,355891,-0.0393348724,-0.08162728361,1,0,1,1,0,0,0,0,3
Bhushan Steel Ltd.,121510.2,173401.6,61210.9,55707.5,18.7,,108146.6,147455.9,56165.3,42184.27,1.5,3952.4,1125.9,76458.1,71124.6,18.9,,127819.5,213058.5,69299.3,47753.53,0.74,10077,671.5,433.59,1.54,456.89,0.6493506494,0.05373740169,0.03064908282,0.04513777444,-0.01448869162,0.05811365062,0.0274645678,-0.76,-0.1334897866,69299.3,56165.3,0.0619824401,-0.05563608178,1,0,1,1,0,1,1,0,5
Biocon Ltd.,18861.9,22771.6,12650.8,10556.7,,28.3,1650.6,20807.25,11613.3,8006.69,1.7,2205.4,212.3,17437,13122,,3,1614,24447.05,15578,9918.1,2.01,3479,469,356,3.63,238.05,0.2754820937,-0.3313202247,0.1896221609,0.1125231286,0.0770990323,0.1527780217,-0.03684413919,0.31,-0.01330788323,15578,11613.3,0.05276790238,0.07907670921,1,1,1,0,1,1,1,1,7
Bombay Dyeing & Mfg. Co. Ltd.,25470.6,24458.9,19850.8,17209.8,,1.7,15303.9,23956.95,19094.6,12610.24,1.44,750.3,200.2,20143.9,28433.2,,7,10081.7,22391.95,18619.4,23113.3,2.35,5519.7,299.9,72.02,5.24,107.88,0.1908396947,0.4979172452,-0.3386211154,0.1037549174,-0.4423760329,0.2256724546,0.56429357,0.91,-0.1885706655,18619.4,19094.6,-0.5809470883,0.03448402224,0,0,1,1,1,1,0,1,5
Bombay Rayon Fashions Ltd.,31085.2,46994.6,16304.3,16045.6,,14.6,13543.6,39039.9,16147.7,11427.76,0.83,361.5,133.1,22783.3,22573,,0.8,15836.7,55498.85,22508.1,16568.18,0.89,-25.6,212.4,281,1.39,240.85,0.7194244604,-0.1428825623,0.004492005464,0.008791965308,-0.004299959844,-0.0005447434386,-0.005036748903,0.06,-0.06156501358,22508.1,16147.7,-0.0283965344,-0.008060669391,1,0,0,0,1,1,0,0,3
Bosch Ltd.,45574.3,50177.3,55715.3,50142.1,8,,2559,47875.8,48081.1,36581.17,1.69,8841.8,2801.7,75366.9,68721.9,6.8,,2733.5,61779,66848.2,49471.91,1,8702.8,1994.8,6900,4.64,9040.7,0.2155172414,0.3102463768,0.1322948823,0.1221126819,0.01018220042,0.1734409783,0.04114609594,-0.69,-0.009204377176,66848.2,48081.1,0.02075877856,0.07776559332,1,1,1,1,0,1,1,1,7
C E S C Ltd.,103551.3,113702.6,35272.1,30939.1,14.5,,25026.1,94305.65,33595.7,24552.34,0.69,8612.2,1043,43191,38307,,7.8,25268.5,103665.7,42251.2,29595.2,0.57,9925.1,830.3,300,0.83,298.5,1.204819277,-0.005,0.04302276289,0.04170396702,0.001318795873,0.0872900004,0.04426723751,-0.12,-0.02162236186,42251.2,33595.7,0.03035972022,0.05132893961,1,1,1,1,0,1,1,1,7
Cairn India Ltd.,321905.4,335160.6,1721.7,2411.2,,,13450,328533,32,158.35,0.08,-1280.6,1560.9,951,3077.7,,,13500,334176.65,18.8,221.4,4.34,-531,927.1,310.1,1.95,314.15,0.5128205128,0.01306030313,-0.006345316245,-0.002141933624,-0.004203382621,-0.001584315101,0.004761001144,4.26,-0.0005417751615,18.8,32,-6.828158245,-0.00004114502532,0,0,0,1,1,1,0,0,3
Canara Bank,2196458.1,2650516.8,227402.4,197188.1,27.8,,84405.5,2401983.25,,18368.32,3.27,215734.6,216552.6,283454.7,243195.8,4.5,,142616.4,2985277.55,,23777.47,4.75,181173.5,269441.2,528.15,1.25,414.2,0.8,-0.2157531004,0.0151873778,0.01374326239,0.001444115406,0.06835402817,0.05316665037,1.48,0.0126333261,269441.2,216552.6,-0.003425826215,0.0001009169987,1,1,1,1,1,0,0,1,6
Central Bank Of India,1480168.8,1831007.6,138220.6,127638.3,,3.2,72806.6,1635733.5,,12486.79,4.2,74758.8,134570.3,164857.2,152333.1,,1.1,128815.1,1946704.7,,20707.59,3.02,-69789.3,162106.4,125.4,1.4,82.75,0.7142857143,-0.3401116427,0.00684060514,0.007151549202,-0.0003109440617,-0.03811524321,-0.04495584835,-1.18,0.02166078528,162106.4,134570.3,-0.03495064262,0.001003122662,1,0,0,0,0,0,0,1,2
Century Textiles & Inds. Ltd.,46317.4,58680.9,50402.2,48129.5,64.2,46.2,13730.8,52329.2,45876.5,27279.84,0.5,6054.2,125.5,52881.9,50887.6,214.3,23.9,16786.7,61595.8,47600.3,30341.61,0.79,4763.5,87.1,352.55,1.73,313.75,0.5780346821,-0.1100553113,0.03074083731,0.04867933001,-0.01793849271,0.08117632824,0.05043549093,0.29,0.01013724669,47600.3,45876.5,-0.04278829448,-0.1039054282,1,0,1,1,1,0,0,0,4
Chambal Fertilisers & Chemicals Ltd.,52845.2,46744.8,36519.5,33268.5,50.4,,19783.7,49795,35476.7,26168.6,1.17,-1610,456.3,47506.4,45390.8,75.4,28.2,22784.4,47505.6,46549.6,35234.24,2.01,5663.3,694.3,81,1.97,74,0.5076142132,-0.08641975309,0.04424877206,0.06056557644,-0.01631680438,0.1211535829,0.0769048108,0.84,0.0823120928,46549.6,35476.7,-0.01929041683,0.2674209909,1,0,1,1,1,0,0,1,5
Chennai Petroleum Corpn. Ltd.,83396.8,114741.4,302504.1,303051.8,0.4,31.2,15611.5,99069.1,255343.4,239859.58,1.08,-14973.6,1821.3,391503.5,390854.4,0.1,,23771.6,125242.6,338653,317511.2,1.2,9352,561.4,226.25,0.91,120.75,1.098901099,-0.4662983425,0.005656197327,-0.006198079543,0.01185427687,0.08150501911,0.07584882179,0.12,0.03222249738,338653,255343.4,0.001789892134,0.1265488527,1,1,1,1,1,0,1,1,7
Cipla Ltd.,76125.5,85278.3,58604,50441,963.4,10.5,46.6,80612.2,56217.2,34783.86,1.46,11102.6,280.5,64903.7,56686.9,107,47.2,38.3,87490.4,63233.7,43066.56,1.81,9500,374.6,330.7,3.83,315.45,0.2610966057,-0.04611430299,0.09565153152,0.09471333522,0.0009381962989,0.1113999693,0.01574843776,0.35,-0.0001403139568,63233.7,56217.2,-0.06232921823,0.0253718407,1,1,1,1,1,1,0,1,7
Colgate-Palmolive (India) Ltd.,7897.2,9014.6,21237.1,17143.3,29.3,,45.9,8455.9,20048.2,10470.69,0.86,3486.3,281.2,24316.8,20591.6,,0.6,0.5,11968.6,22734.1,11936.88,0.58,3126.8,304.9,495,28.17,589.58,0.03549875754,0.1910707071,0.4133073015,0.5146760877,-0.1013687862,0.346859539,-0.06644776252,-0.28,-0.005386386604,22734.1,20048.2,-0.002789175192,-0.4714339815,1,0,1,0,0,1,0,0,3
Core Education & Technologies Ltd.,8256.8,11013.4,4265.3,3290.8,,,918.3,9635.1,4179.5,2371.74,1,978.9,85.8,5298.5,4169.3,,,4907.4,14974.15,5064.1,2635.87,1.01,1355.6,141.9,296.05,3.16,297.95,0.3164556962,0.006417834825,0.1025296457,0.1180239318,-0.01549428609,0.123086422,0.02055677629,0.01,0.2324169981,5064.1,4179.5,0.0469686181,-0.09558910053,1,0,1,1,1,0,1,0,5
Crompton Greaves Ltd.,29257.4,37830.6,57761,52080.5,,6,267.8,33399,53724.8,39747.09,1.15,6711.6,1111.3,65073.3,58698.4,,,134,40863.7,60678.4,46393,1.13,2393.8,922.8,260.5,7.02,126,0.1424501425,-0.5163147793,0.1685117339,0.1943610847,-0.02584935083,0.06327681824,-0.1052349157,-0.02,-0.004739010134,60678.4,53724.8,-0.02474430408,-0.1236777532,1,0,1,0,0,1,0,0,3
Cummins India Ltd.,22204.3,23915.8,31572,26936.3,8.4,,0,23060.05,28585.1,21063.61,1.3,5759.4,679.2,43803.4,38356.3,,2.3,,26493.3,40345.2,30115.47,1.29,4292.5,591.7,487.71,6.79,445.7,0.147275405,-0.0861372537,0.2278577342,0.2083965718,0.01946116238,0.1794838559,-0.04837387836,-0.01,0,40345.2,28585.1,-0.009571174344,0.2832513822,1,1,1,0,0,1,0,1,5
D C B Bank Ltd.,59576.3,61512.3,5691.3,6475.8,,2.5,5035.1,59951.7,,927.82,1.93,-564.3,5508.7,6483.6,6269.3,10.5,0.8,4857.1,67307.25,,1014.04,0.92,868.1,6367,60.2,2.09,43.05,0.4784688995,-0.2848837209,0.003326164035,-0.01312602495,0.01645218898,0.01411262463,0.01078646059,-1.01,-0.01182283923,6367,5508.7,0.009163162838,0.0027104156,1,1,1,1,0,1,1,1,7
D L F Ltd.,251488.3,289508.8,32341.7,24670.7,32.8,2.6,115215.6,270498.55,23979.9,8382.89,1.95,3663.4,7769.2,41843.3,29147.5,0,3.2,125114.5,318707.2,29056.7,7474.73,1.61,14860.3,12211.9,212.7,2.69,204.55,0.3717472119,-0.03831687823,0.04386395163,0.03038232793,0.01348162371,0.0513293551,0.00746540347,-0.34,-0.03336916748,29056.7,23979.9,0.09233350708,0.002519763915,1,1,1,1,0,1,1,1,7
Dabur India Ltd.,15865.1,17792.2,29350.9,25116.3,24.4,4.3,151.9,16828.65,28634,16248.07,0.63,4794.5,342.4,33404,29469,17.2,2.2,109.4,21101.45,32687.3,19377.57,0.69,3190.2,264.9,114.2,17.02,113.75,0.05875440658,-0.003940455342,0.2203212644,0.2656459776,-0.04532471327,0.1793032902,-0.04101797417,0.06,-0.003841795802,32687.3,28634,-0.02537671919,-0.1524484056,1,0,1,0,1,1,0,0,4
Deccan Chronicle Holdings Ltd.,18463.7,20530.9,9232.5,6623.3,,13,3423.3,19497.3,8911,3729.26,2.32,3872.7,,10317,9191.8,,7.9,3372.7,21308.45,9737.5,5217.99,2.27,1403.2,279.9,69.9,1.34,31.95,0.7462686567,-0.5429184549,0.05518998193,0.1420192053,-0.08682922332,0.06834576175,0.01315577982,-0.05,-0.01729822577,9737.5,8911,-0.1173647391,-0.00005930622336,1,0,1,1,0,1,0,0,4
Dena Bank,484647.5,575890.6,46210.5,41098,,5,15619.2,528117.9,,4294.58,3.67,26538.2,43430.1,55877,49760.7,,3.8,16916.6,640111.95,,4916.09,5.45,30301.2,52824.8,90.6,0.83,99.25,1.204819277,0.09547461369,0.01062719204,0.01055922088,0.00006797116257,0.05261624343,0.04198905139,1.78,-0.00314764943,52824.8,43430.1,0.005820821528,0.0002887002583,1,1,1,1,1,1,1,1,8
Dish T V India Ltd.,20972.2,28773.3,11534.3,14152.5,,80.2,6594.2,24872.75,9079.2,9829.13,0.3,46.9,2156.4,15245.9,17159.4,,171,5317.3,27825.7,11856.6,11097.15,0.23,4004.4,2828,89.5,216.09,64.45,0.004627701421,-0.2798882682,-0.06055961603,-0.1210173468,0.06045773074,0.1391706895,0.1997303055,-0.07,-0.07402432167,11856.6,9079.2,0.1466516197,0.06107650574,0,1,1,1,0,1,1,1,6
Divi'S Laboratories Ltd.,15748.4,18884.7,9668.6,7217.4,1.5,,272.6,17316.55,9371.4,4822.62,2.73,3581.5,169.3,13581.3,8879.6,,,94.2,21000.4,13133.7,7522.57,2.29,3261,288.8,397.43,5.46,522.45,0.1831501832,0.3145711194,0.2489687419,0.1555523101,0.09341643182,0.1726794707,-0.07628927121,-0.44,-0.01125653689,13133.7,9371.4,-0.05815811637,0.08422067139,1,1,1,0,0,1,0,1,5
Dr. Reddy'S Laboratories Ltd.,77492,90367,50870,43582,,5,5593,83929.5,47997,28160.5,0.98,12354,1681,59415,51271,,12,14379,96520,56668,34918.5,1.16,2463,1097,1556.9,4,1644,0.25,0.05594450511,0.09025418571,0.09411294069,-0.003858754981,0.02725552469,-0.06299866102,0.18,0.08233504313,56668,47997,-0.0294805719,0.01523865765,1,0,1,0,1,0,0,1,4
Educomp Solutions Ltd.,11798.3,22002.1,8753.1,6537.2,183.8,,5190.9,16900.2,8211.7,3259.87,2.55,2884.2,185.5,10698.6,6879.8,,2.8,6474.9,24246.15,10197,4334.24,2.28,3271.2,390,395.5,2.28,174.6,0.4385964912,-0.5585335019,0.1736925112,0.1722366782,0.001455833004,0.1486767172,-0.02501579395,-0.27,-0.04010162827,10197,8211.7,-0.02807180393,-0.06533204313,1,1,1,0,0,1,0,0,4
Escorts Ltd.,28165.1,31931.5,28594.7,27776.8,8,,2164.8,29350.95,27500.6,22122.47,0.96,605.7,403.4,33533.5,32681.3,9.9,,2824.8,31596.65,32337.1,26901.03,1.05,1862.5,377.9,114.2,0.68,67.9,1.470588235,-0.4054290718,0.02637834114,0.02875544557,-0.002377104433,0.05832798334,0.0319496422,0.09,0.01564617812,32337.1,27500.6,-0.02745780401,0.08647669884,1,0,1,1,1,0,0,1,5
Essar Oil Ltd.,221137.7,260059.7,432781,435594.5,414.9,,86482.7,240598.7,364378.7,349633.88,0.64,14153.7,8086.8,536966.5,551059.8,0,10834.3,122657.2,303949.2,472659.4,442730.12,0.82,11802,2386.9,125,4.2,55.95,0.2380952381,-0.5524,-0.0125317379,-0.01459904847,0.002067310561,0.04538188731,0.05791362522,0.18,0.04409715552,472659.4,364378.7,0.02285538248,0.04059389655,0,1,1,1,1,0,1,1,6
Everest Kanto Cylinder Ltd.,9747.9,9607.8,4348.5,4216,4.9,103.2,2188.9,9677.85,3510.5,3139.04,1.04,274.7,283.7,4145.8,3495.5,,0.7,2195.3,9725.1,3813.5,3100.51,1.08,619.1,87.1,92,1.84,31.1,0.5434782609,-0.6619565217,0.06775744707,0.02367689451,0.04408055256,0.06443722809,-0.003320218989,0.04,-0.0004408004736,3813.5,3510.5,0.08115074395,0.02939411898,1,1,1,0,1,1,1,1,7
Exide Industries Ltd.,21211.5,29713.3,45860.3,40960.3,0.5,4,898.2,25148.1,37997.2,25968.56,1.47,5238.4,335.6,52270.9,47484.4,678.4,4.6,20.9,32683.85,45843.2,32903.07,1.58,3977.9,1019.8,163,4.77,136.9,0.2096436059,-0.1601226994,0.1384127647,0.23117177,-0.09275900538,0.1338760757,-0.004536688957,0.11,-0.0350769564,45843.2,37997.2,-0.03429713965,-0.1083117523,1,0,1,0,1,1,0,0,4
Federal Bank Ltd.,389765.9,438223.1,43258.1,38612.6,3.9,,10467.6,413934.65,,3369.76,1.92,-448.2,41126,45688.4,39817.6,3.3,,18883.6,477549.5,,4249.21,4.6,23310.4,44087.6,45.3,1.47,45.2,0.6802721088,-0.002207505519,0.01338929874,0.01190868673,0.001480612011,0.0531929969,0.03980369816,2.68,0.0142546574,44087.6,41126,-0.01444360811,-0.007033365319,1,1,1,1,1,0,0,0,5
Financial Technologies (India) Ltd.,24178,27199.2,6543.7,3100,30.8,,4085.2,25688.6,3269.5,1003.16,1.04,1101.7,3138.6,5746.4,4827.1,,2102.2,4040.8,27461.6,3555.7,1218.31,0.68,-516.6,1451.7,879.65,1.9,754.5,0.5263157895,-0.1422724947,0.1110878261,0.1411572504,-0.03006942428,-0.01899320568,-0.1300810318,-0.36,-0.01188409207,3555.7,3269.5,-0.03581209458,0.002204626398,1,0,0,0,0,1,0,1,3
Firstsource Solutions Ltd.,24244.1,22897.7,8338.7,7665.4,5.1,,12056.7,23570.9,6617.2,3640.03,2.05,1574,1685.3,7696.2,7033.3,,15,12920.2,23713.65,7028.2,4010.4,1.56,784.9,646.3,18,0.87,8.75,1.149425287,-0.5138888889,0.02960559357,0.02756134482,0.002044248753,0.03427855199,0.004672958419,-0.49,0.03333448274,7028.2,6617.2,-0.02052938118,0.01564183232,1,1,1,1,0,0,0,1,5
Fortis Healthcare Ltd.,12127.9,29231.9,2542.9,2241.4,,4.8,12396.5,20679.9,2054.3,1406.17,0.81,156.6,472.6,4409.9,2991.8,,4.6,4492.9,32544.8,2519,1751.49,2.08,-0.5,1838.2,164.2,2.16,101.95,0.462962963,-0.3791108404,0.04866943305,0.0252558151,0.02341361795,-0.00001710460148,-0.04868653765,1.27,-0.4613940294,2519,2054.3,-0.01081082841,-0.02193700653,1,1,0,0,1,1,0,0,4
G A I L (India) Ltd.,257359.5,303867.3,259288.1,228095.6,,75.5,13603.8,280613.4,239682.5,185701.15,0.62,46774.3,4200.7,334264.9,299978.5,145.7,,20900,315747,320499.5,259584.34,0.59,30772.5,4112.3,444,2.83,355.15,0.3533568905,-0.2001126126,0.1123539782,0.1214954179,-0.009141439688,0.1012695344,-0.01108444377,-0.03,0.01771343938,320499.5,239682.5,-0.03515704105,0.160913851,1,0,1,0,0,0,0,1,3
G M R Infrastructure Ltd.,61409,84966,1845.5,1837.8,,,17750,73187.5,1020.3,634.71,0.13,347.9,637.3,7343.8,6755,,0.3,17000,92155.15,5402.6,4220.77,0.67,77.1,1861,32.18,1.78,25.17,0.5617977528,-0.2178371659,0.00693336158,0.0001253887867,0.006807972793,0.0009074217922,-0.006025939788,0.54,-0.05805624053,5402.6,1020.3,-0.159166177,0.04468414179,1,1,1,0,1,1,0,1,6
G O L Offshore Ltd.,28998.5,35694.4,10139.5,8393.3,40.5,,23078,32346.45,10074,4380.93,1.42,4070.5,7.5,9406.1,8389.1,583.7,,26467.4,40268.9,8427.7,4384.15,0.71,2993,343.6,215,0.67,84.95,1.492537313,-0.6048837209,0.01213915908,0.05882028381,-0.04668112472,0.08385068806,0.07171152898,-0.71,-0.05619662087,8427.7,10074,-0.08533224841,-0.1021550904,1,0,1,1,0,1,0,0,4
G T L Infrastructure Ltd.,52121.2,66629.6,6984.9,7010.7,12.8,,44703.1,59375.4,3461.6,4095.84,1.49,1209.1,1551.1,8024.5,9417.4,18.1,0,40182.9,71209.75,4882,5016.6,0.18,3436.9,413.6,15.2,0.98,8.2,1.020408163,-0.4605263158,-0.02117677429,-0.0007405815676,-0.02043619272,0.05158217969,0.07275895398,-1.31,-0.1885999434,4882,3461.6,0.1556509639,0.0102577887,0,0,1,1,0,1,1,1,5
G T L Ltd.,30733.1,43365.8,16786.6,14684.2,5.9,,21735,37049.45,15513.3,11507.67,1.2,2799,1240.7,33527.3,33491.1,21.6,0.2,38907.3,56042,30803.6,25031.96,1.05,3216,2667.5,91.1,0.74,34,1.351351351,-0.6267837541,0.000341282762,0.06821635305,-0.06787507029,0.0741598218,0.07381853903,-0.15,0.1076041401,30803.6,15513.3,-0.07083717555,0.1309332803,1,0,1,1,0,0,0,1,4
G V K Power & Infrastructure Ltd.,17427.9,25702.1,604.7,387.8,,,1003.4,21565,445.6,136.19,3.4,12.7,135.6,1231.1,548.3,,,9.5,26049.1,407.3,152.54,0.07,-229.8,813.4,19.3,1.26,15.7,0.7936507937,-0.1865284974,0.02656592263,0.01244556143,0.0141203612,-0.008940903662,-0.03550682629,-3.33,-0.04616440217,407.3,445.6,-0.06888224486,-0.005027254622,1,1,0,0,0,1,0,0,3
Glaxosmithkline Pharmaceuticals Ltd.,40308.7,44485.2,21160.8,16362.1,326.6,250.1,54.2,42396.95,19217.1,9474.71,0.75,4487.8,1011.3,23551,18116,4.9,265,51.6,47607.35,21597.9,10590.03,0.75,4274.4,1173.4,2325,9.56,2029.85,0.1046025105,-0.1269462366,0.1280223535,0.117150888,0.01087146548,0.09608588924,-0.03193646426,0,-0.000194527595,21597.9,19217.1,0.002708532209,0.0004012475906,1,1,1,0,0,1,1,1,6
Godrej Industries Ltd.,18927.7,19107.9,10343.9,9707.9,0.9,,2634.2,18883,8093.7,6922.58,0.46,700.2,1609.4,13186.3,12083.6,248.3,0,4411.1,20862.4,10568.5,8791.1,0.52,1014.6,1583.8,208.73,6.07,242.31,0.1647446458,0.1608776889,0.04471448982,0.03355399758,0.01116049224,0.05309845666,0.008383966841,0.06,0.07193666339,10568.5,8093.7,0.02348376576,0.07795758816,1,1,1,1,1,0,1,1,7
Grasim Industries Ltd.,160680.4,93301.9,96095.9,75138.5,3467.9,112.9,7952.2,126974.35,82217.5,42031.51,0.7,19791.4,2247.5,53592.7,41901,334.7,,7649.6,96739.85,46525.5,28279.88,1.07,9729.9,2563,2098.55,2.31,2717.15,0.4329004329,0.2947749637,0.1217231375,0.1095491423,0.0121739952,0.1042840499,-0.01743908752,0.37,0.01644553169,46525.5,82217.5,-0.09661273153,-0.1665784914,1,1,1,0,1,0,0,0,4
Great Eastern Shipping Co. Ltd.,89266.5,97776.1,22498.8,18541.3,1858.5,,35815.6,93521.3,19142.7,10484.77,1.82,9109.5,1276.4,16643.4,13978.8,1056.9,857,36158.2,96951.7,13816.6,8005.03,1.93,6783.3,1555.5,290,0.78,252.65,1.282051282,-0.1287931034,0.02520759163,0.02351386018,0.001693731448,0.06937584952,0.04416825789,0.11,-0.01001664783,13816.6,19142.7,-0.03166134323,-0.06217799338,1,1,1,1,1,1,0,0,6
Gujarat Mineral Devp. Corpn. Ltd.,28894.9,30020.4,11130,8430.9,60.1,,2160.7,29457.65,10596.4,5041.72,0.2,5535.5,212.1,14707.4,10916.5,12.4,5.5,1330.2,28444.5,14217.6,6587.36,0.26,3887,194.4,150.6,2.71,188.75,0.36900369,0.2533200531,0.126047621,0.09133099613,0.03471662482,0.1294786212,0.003431000253,0.06,-0.02658461524,14217.6,10596.4,0.0124712228,0.1401201173,1,1,1,1,1,1,1,1,8
Gujarat State Petronet Ltd.,30138.8,37980,10236.6,6098.9,,,12565.5,34059.4,9919.4,2464.11,0.34,8862.3,146.7,10919,5855.2,,0.1,14781.9,39565.7,10459.4,1782.61,1.06,5975,206.9,89.5,2.38,70.4,0.4201680672,-0.2134078212,0.1333307004,0.1372881468,-0.003957446472,0.1573196419,0.02398894155,0.72,0.004674915625,10459.4,9919.4,0.07798182818,-0.02688301149,1,0,1,1,1,0,1,0,5
H C L Technologies Ltd.,70863.5,91591.5,52559.7,41650.3,38.7,16.7,10305.1,81227.5,50703,21105.89,1.13,6801.4,1566.4,69610.5,58723.1,14.3,3,8598.7,94679.05,67604.4,31419.93,1.2,14101.3,1564.3,247.82,5.83,242.22,0.1715265866,-0.02259704624,0.1187457351,0.1536390384,-0.03489330329,0.1539586097,0.03521287456,0.07,-0.03604767449,67604.4,50703,-0.04849650063,0.08982780159,1,0,1,1,1,1,0,1,6
H D F C Bank Ltd.,1833586.8,2225568.8,201589.6,172102.6,40.2,,114903.6,2029577.8,,22378.95,1.54,57329.6,201501.2,244867.6,205603.6,,8.2,136890,2499928.25,,27460.38,1.44,110220.6,244772.8,508,4.41,573.95,0.2267573696,0.1298228346,0.01764591596,0.01605967059,0.00158624537,0.0495246878,0.03187877184,-0.1,-0.001856961786,244772.8,201501.2,-0.001126094954,-0.001370393571,1,1,1,1,0,1,0,0,5
Havells India Ltd.,14128.1,17173.2,25928,24406.3,1.1,75.9,1136,15650.65,24657.4,17229.97,1.24,1952.3,105.7,31970.8,30688.3,5.4,5.8,1172.1,19483.6,30074.7,22001,1,3365.7,107.7,77.55,3.43,116.41,0.2915451895,0.5010960671,0.07470360795,0.1130017483,-0.03829814034,0.1959856055,0.1212819975,-0.24,-0.01242655775,30074.7,24657.4,-0.03277030932,-0.03189677319,1,0,1,1,0,1,0,0,4
Hero Motocorp Ltd.,60904,85305,177598.7,155165,2.3,61.8,660.3,73104.5,163555.9,125414.94,0.53,25887.7,2770.1,214877,195868,4.6,922.7,21518,96358.4,196189.4,158903.97,0.15,19131.6,2956.2,1890,10.79,2114.35,0.09267840593,0.1187037037,0.233598265,0.369322212,-0.135723947,0.2242729031,-0.009325361937,-0.38,0.214279859,196189.4,163555.9,-0.04315017608,-0.2012507128,1,0,1,0,0,0,0,0,2
Hexaware Technologies Ltd.,8541.7,9758.4,5209,3967,5.4,,,9150.05,4892.6,1747.77,1.55,1256.1,272.2,5433.4,4505.1,827.4,270.5,,10374.75,4221,2188.63,2.42,-29.9,303.7,69.6,2.15,126.8,0.4651162791,0.8218390805,0.03805951795,0.144772118,-0.1067126,-0.00306402689,-0.04112354484,0.87,0,4221,4892.6,-0.1612825907,-0.1278542834,1,0,0,0,1,1,0,0,3
Hindalco Industries Ltd.,362701.4,419170.5,212388.7,200891.1,41.5,12.2,51530.2,390935.95,195060.5,157126.2,1.03,16782.5,4970.4,258382.6,241049.7,,80.7,51495.4,442949.15,238451.7,193123.41,1.01,22144.7,4762.3,184.35,1.18,121,0.8474576271,-0.3436398156,0.04154299981,0.03161912251,0.009923877299,0.05282981508,0.01128681527,-0.02,-0.01555660272,238451.7,195060.5,-0.004380314485,0.039369787,1,1,1,1,0,1,0,1,6
Hindustan Construction Co. Ltd.,51032.8,63484.4,34743.7,36246.1,,162.5,18583.7,57258.6,33067.6,28155.52,1.35,344.2,279.3,39853.2,41044.8,0,25.3,23654.5,74325.4,37586.5,30967.12,1.12,-97.6,462,32.2,1.29,21.35,0.7751937984,-0.3369565217,-0.01837144243,-0.02625566302,0.007884220591,-0.001537385562,0.01683405687,-0.23,-0.006301419646,37586.5,33067.6,0.02756395801,-0.07181129308,0,1,0,1,0,1,1,0,4
Hindustan Oil Exploration Co. Ltd.,17028,19989.1,1831.2,1466.7,,,6524.7,18508.55,1398.4,741.41,0.66,-1867.2,165.8,3840.4,3052,1,,5894.3,21131.5,3270.5,1793.5,0.53,1631,75.5,179.9,1.94,131.3,0.5154639175,-0.2701500834,0.03939146835,0.02140591966,0.01798554869,0.08159446899,0.04220300064,-0.13,-0.07358927103,3270.5,1398.4,-0.01820260021,0.07921467597,1,1,1,1,0,1,0,1,6
Hindustan Petroleum Corpn. Ltd.,472075.6,517747.7,1176416.8,1195904.6,16.6,,103514.9,494911.65,1084128.2,1007580.89,0.83,32511.9,13875.9,1452879,1471878.6,,144.4,179284.8,565847.65,1346492.9,1263564.23,1.29,10014.3,12842.5,403.05,1.4,332.6,0.7142857143,-0.1747922094,-0.03641773783,-0.04131626375,0.004898525922,0.01934204633,0.05575978416,0.46,0.10768454,1346492.9,1084128.2,-0.009018606603,0.1890542781,0,1,1,1,1,0,0,1,5
Hindustan Unilever Ltd.,85202.8,95909.1,190166.9,168341.3,1465.7,442.3,,90549.25,177153.6,107151.71,0.72,33977.2,2962,211567.7,191458.6,1800.9,180.1,,99957.4,196470.2,120321.94,0.74,16562,2925.9,342.4,22.14,446.6,0.04516711834,0.3043224299,0.1927689865,0.2441492533,-0.05138026684,0.1726843438,-0.02008464265,0.02,0,196470.2,177153.6,-0.007566265912,0.009105666241,1,0,1,0,1,1,0,1,5
Hindustan Zinc Ltd.,159386,202239.6,91603.1,50435.8,,3,3.9,180812.8,80201.5,30045.95,1.49,40351.3,6047.7,114828.7,67380.2,1.3,,3.9,226419.95,99786.5,40811.64,5.41,42297.9,8658.9,135,2.4,122.35,0.4166666667,-0.0937037037,0.2346088501,0.2583056228,-0.02369677273,0.2091474667,-0.02546138343,3.92,-0.000004344638829,99786.5,80201.5,-0.03435881904,-0.002846707862,1,0,1,0,1,1,0,0,4
Hotel Leelaventure Ltd.,49290.5,53551.6,4807.6,4397.4,6.5,3.6,28386.7,39101.6,4392.6,2452.44,0.33,331.6,261.4,5113.6,4735.2,185.4,18.2,37713.2,46137.65,4543.4,2390.28,0.8,690.1,250.6,41.55,1.84,33.05,0.5434782609,-0.2045728039,0.003943859754,0.008263255597,-0.004319395843,0.01288663644,0.008942776686,0.47,0.09143332457,4543.4,4392.6,0.03221230912,-0.01386322423,1,0,1,1,1,0,1,0,5
Housing Development & Infrastructure Ltd.,95128.1,123995.6,15995.7,25948.7,,1.5,33467.2,109561.85,14936.5,19531.03,4.66,-9094.7,1048.4,19237,34415.1,0,45.3,35154.9,142907.1,18032.3,27451.5,3.52,-15354.4,1165.1,160.65,0.71,88.9,1.408450704,-0.4466230937,-0.1220430402,-0.1046115711,-0.0174314691,-0.1238302004,-0.00178716019,-1.14,-0.05946571694,18032.3,14936.5,-0.214747367,-0.01014741421,0,0,0,0,0,1,0,0,1
Housing Development Finance Corpn. Ltd.,1017088.2,1166914.3,116203.5,87787.5,,,889997.8,1092001.25,65.5,1375.12,0.49,-105771.6,115825.2,130980.6,95664.6,,,874411.3,1279916.8,67.1,1614.45,0.2,-173866.3,130716.7,710.05,5.69,662.35,0.1757469244,-0.06717836772,0.0302644333,0.02793857996,0.002325853343,-0.1489966315,-0.1792610648,-0.29,-0.1318371327,67.1,65.5,-3.066159202,-0.000007556333678,1,1,0,0,0,1,0,0,3
I C I C I Bank Ltd.,3798495.8,3638668.3,331899.3,291649.5,1345.2,,917635.7,3718582.05,,22037.08,2.98,279757.1,326265.2,330829.6,279315.8,411.7,,1058313,3852724.6,,28049.08,2.36,-115777,328699,222.27,2.24,178.88,0.4464285714,-0.1952130292,0.01404417655,0.01024210689,0.003802069658,-0.03181850899,-0.04586268553,-0.62,0.02792177239,328699,326265.2,-0.01779017499,-0.002423155887,1,1,0,0,0,0,0,0,2
I D B I Bank Ltd.,1725542.1,2337692.2,176192.7,165881.4,,14.3,448489.8,2012030.75,,7036.2,1.64,241322.3,173544.8,207070.8,190567.6,,26.9,508983.5,2416562.65,,9419.04,3.77,-31812.2,204589.6,136.5,1.02,95.2,0.9803921569,-0.3025641026,0.007071119115,0.005983974543,0.001087144571,-0.01360837838,-0.0206794975,2.13,-0.01228112099,204589.6,173544.8,-0.005494705964,-0.001592143075,1,1,0,0,1,1,0,0,4
I D F C Ltd.,303790.7,343640.8,36087.8,25959.4,127.4,,180805.2,323715.75,110.6,1130.34,0.05,-33981.3,35663.5,46100.3,33329.1,70,,291347.9,425430.05,74.4,1165.8,0.34,-116515.4,45696.8,132.1,1.87,137.55,0.5347593583,0.04125662377,0.03696068686,0.03292069178,0.004039995078,-0.3390616015,-0.3760222884,0.29,0.1263007536,74.4,110.6,-5.449282506,-0.0001667759025,1,1,0,0,1,0,0,0,3
I F C I Ltd.,179224.5,220393.6,24481.9,17772.5,,39.2,91284.7,191001.5,205.7,634.85,0.05,5908,16751,32039.5,25079.7,340.9,,191873.1,237255.1,253.3,729.33,-0.62,-32616.6,23911.4,46.2,0.91,40.7,1.098901099,-0.119047619,0.03003217879,0.03765445014,-0.007622271352,-0.1479925007,-0.1780246795,-0.67,0.3307940424,253.3,205.7,0.2069776471,-0.000009327685011,1,0,0,0,0,0,1,0,2
I I F L Holdings Ltd.,17529.3,26406.3,6983.6,5463.4,,1.7,4977.5,21967.8,,1685.75,0.91,-85.1,6982.1,7998.8,6775.2,0,3.1,5.6,27123.75,-8.2,1827.98,0.52,1915.9,7992.7,88.2,2.31,60.95,0.4329004329,-0.3089569161,0.04645482328,0.08682035221,-0.04036552893,0.07255465552,0.02609983224,-0.39,-0.226375172,-8.2,6982.1,223.1658291,-0.3181356924,1,0,1,1,0,1,1,0,5
I R B Infrastructure Developers Ltd.,15261.3,25829.8,789.2,230.8,,,6500,20545.55,-0.1,48.55,0.57,2249.6,771.2,3733.6,2832,,,1606.5,29335.15,2872.6,2252.2,0.17,-380.6,857.2,175.55,4.06,132.3,0.2463054187,-0.246368556,0.03490541932,0.03658928138,-0.001683862063,-0.01473491858,-0.0496403379,-0.4,-0.2616065577,2872.6,-0.1,-486.2840284,0.09792834811,1,0,0,0,0,1,0,1,3
I T C Ltd.,198077.3,233904.3,270625.5,225514.8,,308.8,1077.1,215443.4,183243.7,99723.91,0.82,44050.9,4304.8,314430.8,268013.5,,244.4,972.6,245770.5,210659.9,108047.41,1,46991.4,5712.7,206.5,9.05,250.05,0.1104972376,0.2108958838,0.1994905609,0.2293018938,-0.02981133287,0.2009001117,0.001409550829,0.18,-0.001042106479,210659.9,183243.7,0.03131492171,0.006598522307,1,0,1,1,1,1,1,1,7
I V R C L Ltd.,51512.6,64038.9,55787.1,55122.7,,19.9,3926.6,57747.3,53188.6,45748.73,0.77,1797,547.9,57161.1,55594.2,,29.3,3293.1,68974.75,54326.7,47082.81,0.86,2010.1,504.6,71.2,0.96,53.45,1.041666667,-0.2492977528,0.02492547498,0.01328412854,0.01164134644,0.03138873404,0.00646325905,0.09,-0.02025269431,54326.7,53188.6,-0.006537746432,-0.1334260753,1,1,1,1,1,1,0,0,6
Idea Cellular Ltd.,228840.5,228086.9,124376.2,113839.6,317,30.9,65264.1,228463.7,118430.6,84590.15,0.28,19851.3,3495.2,155067.3,146621.3,,172.3,92417.7,262038.4,153245.5,114262.04,0.25,45230.3,1177.2,80.5,2.09,77.65,0.4784688995,-0.03540372671,0.03778515995,0.0447932075,-0.007008047542,0.1983029275,0.1605177676,-0.03,0.06702254634,153245.5,118430.6,-0.03135508767,0.06644258124,1,0,1,1,0,0,0,1,4
Igate Computer Systems Ltd. [Merged],34380.8,39469.7,18525.6,13098.3,,11.4,9.4,36924,17287,7025.83,0.7,6172.2,1035,20829.7,14279.2,0.5,,9.8,38750.75,18885.3,7931.89,0.81,5544.5,1883.6,324.3,1.34,,0.7462686567,-1,0.1659500832,0.1581900363,0.007760046929,0.1404748453,-0.02547523797,0.11,-0.000001678637909,18885.3,17287,-0.01358064346,0.01917526912,1,1,1,0,1,1,0,1,6
India Cements Ltd.,70519.2,78513.1,42685.4,39324.4,2.1,12.1,17670,68148.7,36851.3,18480.09,0.82,2087.5,770.9,40136.7,39569.7,5.9,2.7,18696,73278.55,34914.6,18897.12,0.5,2806.3,382.9,71.15,0.61,89.75,1.639344262,0.2614195362,0.007180967253,0.04780258426,-0.04062161701,0.03574307982,0.02856211256,-0.32,-0.004149891052,34914.6,36851.3,-0.03976104737,-0.06428427068,1,0,1,1,0,1,0,0,4
Indiabulls Real Estate Ltd.,54670.3,67054.7,1416.7,1192.3,,,867.5,60862.5,445.3,343.31,0.8,-269.9,950.6,1741.9,1412.6,,10,11267.6,71960.1,1590.9,351.57,0.28,216.4,146,112.55,0.79,62.9,1.265822785,-0.4411372723,0.005060047991,0.004104605243,0.000955442748,0.003227215989,-0.001832832001,-0.52,0.1423277764,1590.9,445.3,0.5499752755,0.0147915928,1,1,1,0,0,0,1,1,5
Indian Bank,840538.4,1013893.2,91406.9,75857,3.5,7.1,9573.3,914812.3,,9831.45,2.64,70339.2,86654.5,107506.5,90365.8,15.9,5,21003.5,1103439.95,,9258.55,2.37,61792.4,101516.1,214.15,1.1,178.5,0.9090909091,-0.166472099,0.01689507337,0.01850421111,-0.001609137744,0.06094566962,0.04405059626,-0.27,0.008569795839,101516.1,86654.5,0.0222529604,-0.002724143114,1,0,1,1,0,0,1,0,4
Indian Hotels Co. Ltd.,54887.8,66399,16097.2,14566.2,71.3,,26505.5,60643.4,14514.2,7788.19,0.59,-885.8,911.8,17725.1,16312.6,42.9,1.5,13249.1,67807.45,16459.6,9251.67,0.15,4663.9,705.2,78.3,1.9,61.8,0.5263157895,-0.2107279693,0.02064940737,0.02659425227,-0.005944844904,0.07024051567,0.0495911083,-0.44,-0.2416784862,16459.6,14514.2,-0.02549246318,0.003403444292,1,0,1,1,0,1,0,1,5
Indian Oil Corpn. Ltd.,1390637.1,1582101.3,2986096.8,2934345.8,704.3,,298555.5,1486369.2,2689412.9,2434237.61,0.89,-4647,53785.9,3618639.2,3593925.3,,0,346714.3,1725085.4,3309854,3059401.06,0.96,56838.9,33109.2,338.05,1.59,255.85,0.6289308176,-0.243159296,0.01562093401,0.03670741993,-0.02108648592,0.03592620776,0.02030527375,0.07,0.0001215712731,3309854,2689412.9,-0.01921253229,0.1092767853,1,0,1,1,1,0,0,1,5
Indian Overseas Bank,1210734.1,1310963.9,115623.8,108554.2,16.1,,89822,1248923.15,,13548.44,3.06,78301.1,113623.9,133794.9,123069.5,10.2,,193554,1537725.4,,13703.78,3.2,26325.3,130561.7,148.8,1.09,84.35,0.9174311927,-0.4331317204,0.00817352789,0.005825804361,0.002347723529,0.02008087332,0.01190734543,0.14,0.05395077043,130561.7,113623.9,0.0142791666,-0.006071763749,1,1,1,1,1,0,1,0,6
Indraprastha Gas Ltd.,12940.1,16264.5,12437.5,10283,,1.6,,14602.3,10871.1,6973.13,0.27,3177.7,167.2,19764,17174,,0.2,3443.4,20103.4,17602.3,12564.19,0.19,4097.9,52.8,382,4.98,241.45,0.2008032129,-0.3679319372,0.1592548188,0.1666215872,-0.007366768382,0.2519536414,0.09269882259,-0.08,0.1712844593,17602.3,10871.1,-0.07234376456,0.1311095994,1,0,1,1,0,0,0,1,4
Indusind Bank Ltd.,276762.1,354300.4,32947.6,29444.5,,340,44023.1,313194.95,,2785.68,2.97,24037,32725.3,43058.8,37285.5,,28.6,53307.2,403318.25,,3670.15,3.98,37657,42115.1,275,3.2,338.5,0.3125,0.2309090909,0.01637565185,0.01388593308,0.002489718767,0.1062855136,0.0899098618,1.01,-0.008389779733,42115.1,32725.3,-0.002022572052,-0.00006708575993,1,1,1,1,1,1,0,0,6
Infosys Ltd.,212560,261660,224260,166230,,,,237110,211140,89268,4.24,56270,9560,265320,200890,,,,276395,253370,105875,4.98,37460,11420,733.75,6.44,624.85,0.1552795031,-0.1484156729,0.2462355729,0.2730052691,-0.02676969622,0.1431628831,-0.1030726898,0.74,0,253370,211140,0.004923414694,0.0262225329,1,0,1,0,1,1,1,1,6
J S W Holdings Ltd.,6205.8,6248.1,70.4,26.6,,,,6226.95,,7.07,0.81,-79.2,70.4,265.6,58.6,,,,6340.8,,9.66,3.9,-231.2,240.6,1024,1.71,545.85,0.5847953216,-0.4669433594,0.03313007154,0.007057913565,0.02607215798,-0.03700324899,-0.07013332053,3.09,0,240.6,70.4,0.06027651043,0.02663904343,1,1,0,0,1,1,1,1,6
J S W Ispat Steel Ltd. [Merged],143915.1,140825.9,117797,123692.4,2571.1,60.1,68002.5,132188.6,101912.9,85572.25,0.63,12195,1498.5,94455.7,113445.2,2240.5,26.4,57418.8,128701.15,82197.2,77274.78,0.67,-8029.3,477.6,19.3,204.7,11.15,0.004885197851,-0.4222797927,-0.1505660535,-0.05841221665,-0.0921538369,-0.05701579042,0.09355026313,0.04,-0.06829489978,82197.2,101912.9,-0.1004538733,-0.1322987017,0,0,0,1,1,1,0,0,3
J S W Steel Ltd.,284465.1,309978.2,200275.8,180695.8,39.8,6.6,105027.5,297221.65,180930.3,136572.09,0.41,32998.4,4549.2,255691.4,243058.4,,9.8,116009.2,363110.75,230478,182242.13,0.7,20088.4,2327.6,889.7,1.16,679.5,0.8620689655,-0.2362594133,0.04078609399,0.06871422892,-0.02792813493,0.06480584764,0.02401975365,0.29,-0.03387713308,230478,180930.3,-0.03588117064,0.02599333548,1,0,1,1,1,1,0,1,6
Jain Irrigation Systems Ltd.,31930,41847.1,28861.2,27212.6,9.2,17.6,9149,36888.55,27180.8,19084.93,1.17,4211.3,811.5,35045.2,34566.1,8.8,,9308.6,47883.05,33282.7,22951.21,1.13,2037.1,736.6,171.65,3.87,85.5,0.2583979328,-0.5018933877,0.01123853266,0.05189476981,-0.04065623715,0.04867959787,0.03744106521,-0.04,-0.05361451767,33282.7,27180.8,0.01256369399,-0.04175256038,1,0,1,1,0,1,1,0,5
Jaiprakash Associates Ltd.,255624.7,333215.1,120840.8,102886.6,,9.8,157506.6,291363.75,99957.7,60992.34,1.23,-383.9,14757.4,144214.8,136770.7,,17.9,194128.4,352492.75,127865.4,83134.82,1.24,12200.4,7403.9,81.8,1.84,74.85,0.5434782609,-0.08496332518,0.02239394313,0.0702748991,-0.04788095597,0.03661418705,0.01422024392,0.01,0.01014612859,127865.4,99957.7,-0.03999297357,0.0196777688,1,0,1,1,1,0,0,1,5
Jaiprakash Power Ventures Ltd.,20149.4,91250.9,7276,4760.5,,,52585.5,55700.15,6593.1,1300.56,5.55,6023.3,119.3,8518.9,6867.8,0.1,,120173.2,137529.9,7092.7,1277.88,1.86,10395.8,876.9,48.3,2.13,34.25,0.4694835681,-0.2908902692,0.01809297223,0.1248424271,-0.1067494548,0.1139254517,0.09583247946,-3.69,-0.07028494022,7092.7,6593.1,0.01709243053,-0.06679566618,1,0,1,1,0,1,1,0,5
Jet Airways (India) Ltd.,234607.3,210123.3,107722.5,112398.9,,0.2,98757,203978.95,96402.9,65129.54,0.28,16514.1,8649.8,133182.3,133085.4,,,122247,195485.05,121225.8,77724.74,0.5,13186.4,6420.1,481,5.75,387,0.1739130435,-0.1954261954,0.0004611578059,-0.0199320311,0.02039318891,0.06275553449,0.06229437668,0.22,0.1411992698,121225.8,96402.9,0.03444056041,0.1475162376,1,1,1,1,1,0,1,1,7
Jindal Saw Ltd.,55167.5,55366.5,70728.3,61217.6,1.9,0.9,7194.7,55199.45,67655.3,50550.55,1.92,18104.8,483,45613.8,41178.5,0.3,5,4563.8,61931.4,41828.6,31336.51,2.09,-8162.9,490,158.85,1.09,134.55,0.9174311927,-0.1529745042,0.08019289643,0.172378665,-0.09218576855,-0.1474339176,-0.227626814,0.17,-0.05664885361,41828.6,67655.3,-0.001986712132,-0.5502495664,1,0,0,0,1,1,0,0,3
Jindal Steel & Power Ltd.,144923.3,201768.3,81482.5,67086.3,1.2,24.9,68974.7,173345.8,73348.7,45367.68,0.36,19559.1,2226.7,107816.2,90811,21.3,24,94474.8,233339.4,95277.8,53495.69,0.46,13954.1,2902.4,651.5,6.64,456.9,0.1506024096,-0.2986953185,0.08429421272,0.09950021839,-0.01520600567,0.06915903043,-0.01513518229,0.1,0.006979129904,95277.8,73348.7,0.05704990576,-0.01481233156,1,0,1,0,1,0,1,0,4
K S Oils Ltd.,24173.2,37920.7,41022.3,38812.9,,,4162.2,31046.95,40409.5,35015.69,1.12,-3732,424.9,56417.6,60746.1,5.2,,9392.4,41353.3,56162.9,54925.55,1.2,-6327.2,117.2,22.1,0.82,5.5,1.219512195,-0.7511312217,-0.1142832279,0.0913987391,-0.205681967,-0.16685346,-0.05257023209,0.08,0.09306428961,56162.9,40409.5,-0.1114473134,0.0565627544,0,0,0,0,1,0,0,1,2
Karnataka Bank Ltd.,228828.1,270682.2,23729.1,22057.9,2.1,,6916.4,249755.15,,1894.92,3.18,12465.4,23272.2,26625.9,24579.8,7.2,336.8,10863.1,293806.15,,2488.06,3.22,9709.8,26050.2,131.85,0.99,93,1.01010101,-0.2946530148,0.008776713061,0.007294121657,0.001482591403,0.03587158668,0.02709487362,0.04,0.009280976222,26050.2,23272.2,-0.0140860187,-0.004515476777,1,1,1,1,1,0,0,0,5
Kingfisher Airlines Ltd.,74447.8,80069.5,53618.2,71063.1,25,3576.5,61007.4,77258.65,50149.2,38157.07,0.15,-17016.5,96,65000.9,75274.9,,918,67169.8,83126.7,63146.9,41979.73,0.2,-160.5,91.4,40.4,,11.95,#DIV/0!,-0.7042079208,-0.1168484879,-0.1866193494,0.06977086152,-0.002004508583,0.1148439793,0.05,0.01838983369,63146.9,50149.2,0.09607617303,0.11053852,0,1,0,1,1,0,1,1,5
Kotak Mahindra Bank Ltd.,287118.6,374363.2,39588.4,33957.2,,29.4,49123.5,330740.9,,5672.71,0.85,57450.6,38692.6,50452.7,42270.9,0.2,,92612.5,441434.9,,7154.39,0.69,-17791,49573.1,241.5,4.93,299.43,0.2028397566,0.2398757764,0.02185471222,0.01971519783,0.002139514384,-0.04752336768,-0.0693780799,-0.16,0.06127314377,49573.1,38692.6,0.002289683445,-0.004687736995,1,1,0,0,0,0,1,0,3
L I C Housing Finance Ltd.,291448.3,400280.4,36495.9,29874.1,,1.8,312821.1,345864.35,,480.68,0.09,-95208.6,36172.3,49047.5,39302.6,,0.2,385716.1,468303.65,4.8,621.7,0.08,-104778,48921,244.45,2.58,268.75,0.3875968992,0.09940683166,0.02434568368,0.02272650072,0.001619182955,-0.2617615052,-0.2861071889,-0.01,-0.08081652215,4.8,36172.3,-129.5075447,-0.1045749727,1,1,0,0,0,1,0,0,3
Lanco Infratech Ltd.,62057.5,93178.5,62674.3,57072.3,24.8,6.8,22245.7,77618,58866.5,50975.49,0.83,804.8,978,61343,61971.3,10.4,57.9,20482.8,125587.1,57896.6,53703.26,0.42,37167.4,961.7,23.55,1.68,15.65,0.5952380952,-0.3354564756,-0.006233197572,0.08998106595,-0.09621426352,0.3988838627,0.4051170603,-0.41,-0.1235085423,57896.6,58866.5,-0.06162115971,-0.2974054572,0,0,1,1,0,1,0,0,3
Larsen & Toubro Ltd.,376771.6,483715.5,396393.7,348616.6,988,216.1,61059.6,430004.15,369909.3,290265.56,0.9,53829.1,18691.9,459526.5,425279.7,2143.1,,61949.4,538943.35,437289,339301.89,0.9,37292.9,12737.5,1232.5,4.89,933.03,0.2044989775,-0.2429776876,0.06636897102,0.1247578108,-0.05838883982,0.07709676452,0.01072779351,0,-0.0270516665,437289,369909.3,0.008772476605,-0.04886375975,1,0,1,1,0,1,1,0,5
Lupin Ltd.,33915.3,45934.6,37529.4,31020.3,8.9,74.2,7240.4,39924.95,36877.7,25177.81,1.51,5148,41,45563.4,37468.7,30,92.6,2258,50617.25,44534.3,31403.21,1.15,4390,165.8,453.85,6.21,544,0.1610305958,0.1986339099,0.1775850884,0.1938476145,-0.01626252613,0.09557065915,-0.08201442921,-0.36,-0.1367409602,44534.3,36877.7,-0.02240851739,-0.04385098051,1,0,1,0,0,1,0,0,3
M R F Ltd.,27706.3,40116,81188.1,79231.9,19.1,,6625.6,33911.15,74428.2,60634.1,1.58,1860.5,183.3,110750.7,107873.9,108.4,,9848.4,51814.45,97089.7,82874.27,1.5,6336.9,17.3,6720,1.53,10142.05,0.6535947712,0.509233631,0.06900987137,0.06991550658,-0.0009056352085,0.1579644032,0.08895453186,-0.08,-0.005310634674,97089.7,74428.2,-0.038918894,-0.321004412,1,0,1,1,0,1,0,0,4
Mahanagar Telephone Nigam Ltd.,248609,366199.4,55461.4,81571.1,21.8,14.1,,307404.2,36165.9,64197.33,0.49,111264.2,4481.2,39946,67965.1,25.8,100.9,25539.7,327371.4,36290.5,47195.16,0.24,-110046.7,1033.5,43.25,0.48,23.9,2.083333333,-0.4473988439,-0.07630815343,-0.1050541211,0.0287459677,-0.3005103231,-0.2242021696,-0.25,0.07801445087,36290.5,36165.9,0.4745965155,-0.006795119613,0,1,0,0,0,0,1,0,2
Mahindra & Mahindra Ltd.,143770.8,161762.4,208155.2,187514.6,,208.3,26777.1,152647.8,185722.9,141055.37,0.85,23032.6,3632.1,261315,236716.3,205.4,,23972.5,179821.8,234289.9,183990.27,0.63,29055.5,4465,711.8,3.89,714.9,0.2570694087,0.004355155943,0.150797095,0.1450148431,0.005782251929,0.1796183786,0.02882128356,-0.22,-0.0421049948,234289.9,185722.9,-0.02581660637,0.08622452336,1,1,1,1,0,1,0,1,6
Mangalore Refinery & Petrochemicals Ltd.,122692.7,164756.3,368134.3,359969.3,,9.7,14970.7,143724.5,318054.7,305236.06,0.58,26877.8,6545.3,439672.4,436058.8,0,7.3,14970.8,176685.4,388366,370529.93,0.83,19203.8,2033.2,77.9,2.04,55.8,0.4901960784,-0.2836970475,0.0219773083,0.06662743586,-0.04465012756,0.1165588205,0.09458151221,0.25,-0.01943108488,388366,318054.7,0.005622674682,-0.01488195697,1,0,1,1,1,1,1,0,6
Maruti Suzuki India Ltd.,178672,216288,331273,308306,,97,4199,197480,293312,250539.2,0.25,28874,4998,415731,393537,,79,2780,231438,362328,322680,0.5,27843,4539,1154,2.29,1178.5,0.4366812227,0.0212305026,0.1029784362,0.1290856989,-0.02610726278,0.1287311363,0.0257527001,0.25,-0.009251056393,362328,293312,-0.03640125552,0.08027657493,1,0,1,1,1,1,0,1,6
Max India Ltd.,22835.1,30480,3918.6,3913.4,,2.4,5749.2,26657.55,3367.3,2864.22,0.82,94.3,242.3,5204.5,5669.5,,1.7,1021.7,30311.3,4197.9,3725.83,0.96,-266.2,485.9,183.7,1.74,189.1,0.5747126437,0.02939575395,-0.01520013123,0.0003328209642,-0.0155329522,-0.008733595801,0.006466535433,0.14,-0.1819618304,4197.9,3367.3,-0.03694775175,0.01217597068,0,0,0,1,1,1,0,1,4
Mcleod Russel India Ltd.,19249.9,20080.7,11375.4,8898.7,11.3,9.6,1928.2,13958.65,10871.4,5039.16,0.47,2873.5,259.6,11354,9147.1,34.2,,1406.2,14841.95,10861.6,5278.02,0.62,1752.8,147.7,272.5,2.99,294.85,0.3344481605,0.08201834862,0.1081984194,0.1285720965,-0.0203736771,0.08728779375,-0.02091062563,0.15,-0.04339160489,10861.6,10871.4,-0.02240945532,-0.04701131359,1,0,1,0,1,1,0,0,4
Mercator Ltd.,37565.6,33551.5,7647.7,7583.7,1191.4,,12996.5,35558.55,5762.9,4283.33,0.82,-1907,691.3,7025,8004.7,,0.3,13140.3,32114.8,6372.4,4957.04,0.88,-1241.2,651.9,40.8,1.02,22.15,0.9803921569,-0.4571078431,-0.02919094526,-0.03001149988,0.0008205546196,-0.03699387509,-0.007802929824,0.06,0.04367070931,6372.4,5762.9,-0.03463268988,0.03635773464,0,1,0,0,1,0,0,1,3
Moser Baer India Ltd.,48521.7,46929.3,23660.4,24143.6,244.8,4.5,12849,47725.5,20538.5,18474.79,1.16,3735.8,1729.2,19675.4,23966.1,72.4,32.8,16061.1,45068.75,18527.1,17998.6,1.4,1993.4,374.4,39.9,0.57,9.15,1.754385965,-0.7706766917,-0.09227284447,-0.01491085432,-0.07736199015,0.0424766617,0.1347495062,0.24,0.08714173815,18527.1,20538.5,-0.07195429285,-0.01926117412,0,0,1,1,1,0,0,0,3
Mphasis Ltd.,18828.4,32404.7,38815.4,28846.6,7.7,,8.6,35043.7,37679.4,20389.79,1.15,6617.4,1106.7,36685,28864.9,16.5,,2436.4,41775.5,33672.8,19478.4,1.73,6249.8,1908.3,424.6,2.79,370.7,0.3584229391,-0.1269430052,0.2408169185,0.5290465467,-0.2882296282,0.1928670841,-0.04794983444,0.58,0.05807585698,33672.8,37679.4,-0.03732202893,-0.2691699882,1,0,1,0,1,0,0,0,3
N C C Ltd.,47584.3,58760.9,48959.8,46226.1,6.5,9.6,4009,53172.6,46385,39450.13,0.71,104.3,1133.4,51793.7,51296.5,25.5,,6617.6,65021.55,49465.2,43834.42,0.65,-2513.8,963.4,50.19,0.87,28.34,1.149425287,-0.4353456864,0.008027446823,0.05751476853,-0.0494873217,-0.04278014802,-0.05080759485,-0.06,0.02637951366,49465.2,46385,-0.03567357762,-0.1115969294,1,0,0,0,0,0,0,0,1
N H P C Ltd.,360306,439881.2,50442.6,29530.3,46.6,6.8,138112.2,400093.6,35126,14998.24,1.25,27916.9,6124.5,59485.3,37800.2,281.7,8.2,145122.6,471854.15,41587.5,15641.43,1.12,28925.3,7612.4,24.3,1.19,18.45,0.8403361345,-0.2407407407,0.04867586976,0.05792992623,-0.009254056472,0.06575707259,0.01708120283,-0.13,-0.03764155089,41587.5,35126,0.05087507349,0.0003418885762,1,0,1,1,0,1,1,1,6
N M D C Ltd.,168367.5,214055.6,71104.3,36612.7,13.1,0.3,,191211.55,62344.9,10783.94,1.95,34707.2,8353,125862,62002.6,13.3,7,,248783.1,113627.4,16245.89,2.05,47173.7,11103.3,255.9,4.98,196.4,0.2008032129,-0.2325127003,0.2983014693,0.2047829896,0.09351847975,0.2203805927,-0.07792087663,0.1,0,113627.4,62344.9,0.02999717815,0.130680836,1,1,1,0,1,1,1,1,7
N T P C Ltd.,1114528,1247013.5,500908.5,413626.5,69.9,276.4,364970.2,1180770.75,463159.8,347573.29,1.38,100778.3,26378.6,592926.3,501900.4,81.6,608.7,425382.4,1319928.35,540331.4,411760.02,1.45,105669.7,23443.5,187,2.2,161.3,0.4545454545,-0.1374331551,0.07341780983,0.07849825217,-0.005080442344,0.08473821655,0.01132040672,0.07,0.01318200153,540331.4,463159.8,-0.01161163846,0.01711209545,1,0,1,1,1,0,0,1,5
Nagarjuna Fertilizers & Chemicals Ltd. [Merged],34308,31232.6,20187.9,19389.7,0.7,,9080.6,26427.85,19855.3,14381.73,0.99,2580,200.6,31370.9,30303.5,,,13690.5,27674.3,30851.8,23180.38,1.85,376.2,436.8,36.1,1.44,,0.6944444444,-1,0.0341758291,0.02324530722,0.01093052188,0.01204510672,-0.02213072239,0.86,0.15110121,30851.8,19855.3,-0.02701910682,0.3635155888,1,1,1,0,1,0,0,1,5
National Aluminium Co. Ltd.,124392.9,134389.8,58311.7,49952.8,3.8,1.8,0,129391.35,50224.6,31905.46,2.38,11716.5,3539.4,68162.9,58197.2,,403.7,0,142780.5,58828.9,34973.43,1.6,16304.8,3293.2,82.5,1.87,60.4,0.5347593583,-0.2678787879,0.07715912964,0.06718148705,0.00997764259,0.1213246839,0.04416555423,-0.78,0,58828.9,50224.6,0.04076159901,0.0238629364,1,1,1,1,0,1,1,1,7
Neyveli Lignite Corpn. Ltd.,179954.9,194169.8,47240.2,34781.5,33,,40773.6,187062.35,41313.5,22810.52,1.64,5409.8,5149.1,53351.4,40368.1,4206.3,3996.1,40040.4,193637.55,42588.4,21391.8,2.08,1741.3,4788.5,93.1,1.45,82.2,0.6896551724,-0.1170784103,0.06578314444,0.06904896727,-0.003265822825,0.008967923951,-0.05681522049,0.44,-0.01118782474,42588.4,41313.5,0.04984064999,-0.0009154233614,1,0,1,0,1,1,1,0,5
Oil & Natural Gas Corpn. Ltd.,1530395.3,1688947.7,661803.8,495308.6,,553.4,49.8,1609671.5,540936,385249.02,0.41,188853.3,25555.3,740875.1,551764.2,,1534.7,0,1768711.85,613538.2,497006.38,0.34,370509.6,25302.5,290.9,2.33,286.3,0.4291845494,-0.01581299416,0.1128783325,0.1091538898,0.003724442619,0.2193730451,0.1064947127,-0.07,-0.00003093798952,613538.2,540936,-0.09787626045,0.01083054212,1,1,1,1,0,1,0,1,6
Oil India Ltd.,135795.4,183523.7,105363,79152.1,2.5,,375,159659.55,83456.2,36445.72,3.05,18335.3,6272.2,125579.3,96778.4,,,212.5,198850.95,106566.4,30161.19,2.85,29164.1,8191.2,524.9,1.92,500.15,0.5208333333,-0.04715183845,0.1569328648,0.1929991738,-0.03606630896,0.1589119008,0.00197903595,-0.2,-0.001280108093,106566.4,83456.2,0.1536775607,0.01319745605,1,0,1,1,0,1,1,1,6
Onmobile Global Ltd.,8926,11487.5,3829.6,3300.6,1.6,7.9,1805.2,10206.75,3626.1,2180.48,1.32,300.7,163.5,5018,4101.6,1.5,,233.8,11915.45,4539.1,2603.27,0.7,745.7,461.3,109.3,1.53,29.45,0.6535947712,-0.730558097,0.07964309032,0.05997087161,0.0196722187,0.064914037,-0.01472905332,-0.62,-0.1572417665,4539.1,3626.1,0.0278080692,0.02567749169,1,1,1,0,0,1,1,1,6
Opto Circuits (India) Ltd.,10660,12246.4,4719.4,3243.9,,13.1,1074.7,11453.2,4712.5,2489.87,1.66,928.9,,6395.9,4440.5,,0.5,1562.1,16343.3,6029.8,3550.05,0.86,1180.1,360.7,230.73,4.97,158.55,0.2012072435,-0.3128331816,0.159712242,0.1396435272,0.02006871476,0.0963630128,-0.06334922916,-0.8,0.001746414279,6029.8,4712.5,-0.06039649402,-0.042510764,1,1,1,0,0,0,0,0,3
Oracle Financial Services Software Ltd.,42873.5,53537.2,23351,16742.5,,10.5,,48205.35,22434.7,8295.63,2.61,6763.8,653.5,25227.2,15547.4,5,,,59949.9,23554.6,8362.76,2.67,7166.3,1383.2,2330,3.64,2562.1,0.2747252747,0.09961373391,0.1807117294,0.15438441,0.02632731946,0.1338564587,-0.04685527073,0.06,0,23554.6,22434.7,0.01473058239,-0.07249380803,1,1,1,0,1,1,1,0,6
Orbit Corporation Ltd.,12187,17431.7,4935.9,3165.6,,,6097.1,14809.35,4797.7,1939.08,3.82,-3047.9,62.5,3612.9,5026.4,1.2,,5199.2,18511.2,3485.4,3366.59,2.47,-120.7,41.8,43.25,0.51,56.45,1.960784314,0.3052023121,-0.08115674317,0.1452613441,-0.2264180872,-0.006924166891,0.07423257628,-1.35,-0.1308383191,3485.4,4797.7,-0.5617434263,-0.1356782417,0,0,0,1,0,1,0,0,2
Orchid Chemicals & Pharmaceuticals Ltd.,43251.1,37880.2,23013.4,17008.3,10238.2,16.9,10445,40565.65,12481.4,11814.48,0.94,-402.8,15.7,17704.8,17333.8,95.5,6.7,20691.2,38382,16598.6,11874.81,2.61,3121.2,764.4,272.4,1.66,120.3,0.6024096386,-0.5583700441,0.007449802271,-0.09748191375,0.104931716,0.08239660825,0.07494680598,1.67,0.2816021735,16598.6,12481.4,0.2311565557,0.1247739588,1,1,1,1,1,0,1,1,7
Oriental Bank Of Commerce,1125826.1,1378340,115814.5,104467.7,10.6,7.2,44145.5,1242740.4,,8425.19,3.91,85688.4,114522.8,131224.7,116196,6.3,9.9,51748.6,1488962.65,,9199.15,2.71,89946.4,129675.8,330.4,0.92,262.3,1.086956522,-0.2061138015,0.01090608993,0.01007562358,0.0008304663544,0.06525704833,0.0543509584,-1.2,-0.0007679039015,129675.8,114522.8,0.002628191339,-0.005062065707,1,1,1,1,0,1,1,0,6
P T C India Ltd.,19124,25992.4,77335.5,76394.5,,,,22558.2,76615.5,74910.83,3.15,-797.8,705.6,89402.4,88017.2,,0.4,,27877.65,88744.5,86352.73,2.11,-1473.1,606.6,80.7,1.05,64.85,0.9523809524,-0.1964064436,0.05330789,0.0492051872,0.004102702799,-0.05667425863,-0.1099821486,-1.04,0,88744.5,76615.5,0.004701516015,-0.2129915531,1,1,0,0,0,1,1,0,4
Patel Engineering Ltd.,29463.6,39078.1,20861.8,24914.9,11,,5849.3,34270.85,20163.6,19717.7,1.11,-4533.9,541.5,21969.3,25605.2,0,,7437.1,42661.35,20900.4,20776.63,1.1,235.4,910.4,149.9,0.78,97.65,1.282051282,-0.3485657105,-0.09304188279,-0.1379363011,0.04489441827,0.006023834322,0.09906571712,-0.01,0.003650174638,20900.4,20163.6,-0.01619221038,-0.09844590571,0,1,1,1,0,0,0,0,3
Petronet L N G Ltd.,54295.5,59623.4,107469.2,103424.3,,5.7,22998.1,56959.45,106455.9,98710.07,0.97,10055.9,974.9,132656.6,126460.4,,0.8,30353.5,69500.25,131900.1,120552.3,0.72,8441.4,530,136.1,3.47,144,0.288184438,0.05804555474,0.1039357031,0.07460286764,0.02933283546,0.1415786419,0.03764293885,-0.25,0.03297675941,131900.1,106455.9,0.01327236608,0.02885937353,1,1,1,1,0,0,1,1,6
Piramal Enterprises Ltd.,29942.1,31475.7,28564.4,24346.6,,7.1,3500,30708.9,26421.8,15402.95,0.57,5491.6,1258.6,183681.5,55093.6,167905.4,6860.1,2392,100937.95,7968,6684.08,2,-47241.1,7494.9,403.95,0.56,523.75,1.785714286,0.2965713578,-1.03118914,0.1411023275,-1.172291467,-1.500875278,-0.4696861388,1.43,-0.09027574632,7968,26421.8,-0.2559017728,-0.7814559344,0,0,0,0,1,1,0,0,2
Polaris Consulting & Services Ltd.,9394.1,10504.6,11609.6,10303.2,0.6,,,9949.35,11420.6,6289.39,1.19,2400.3,158.5,14490.2,12619.9,103,,,11460.35,13839.7,7168.25,1.21,1041,420.8,180.5,1.86,128.8,0.5376344086,-0.2864265928,0.1682405803,0.1390021396,0.02923844068,0.09909944215,-0.06914113817,0.02,0,13839.7,11420.6,0.03275737632,0.05974184153,1,1,1,0,1,1,1,1,7
Power Finance Corpn. Ltd.,682190,834469.3,83794.5,60222,,0.2,613995.3,758329.65,113.2,547.53,0.37,-135069.5,81598.2,103422.7,77220.2,0,0.6,739253.5,940495.95,945,526.39,0.29,-166195.8,101897.5,185,1.44,177.65,0.6944444444,-0.03972972973,0.03140091553,0.03455444964,-0.003153534112,-0.1991634683,-0.2305643839,-0.08,-0.02364288283,945,113.2,4.279811001,0.0008555135655,1,0,0,0,0,1,1,1,4
Power Grid Corpn. Of India Ltd.,544781.5,637439.5,74949.5,54808.8,11.3,49.6,321555.6,591110.5,71412.3,25719.71,0.54,66447.8,3811.1,90899.3,64155.1,1.3,71.2,394327.7,697775.8,84023.6,28022.42,0.72,54566.4,7162.2,110,2.29,112.6,0.4366812227,0.02363636364,0.04206532542,0.03704053827,0.005024787144,0.08560247678,0.04353715137,0.18,0.02113531708,84023.6,71412.3,0.02665144535,-0.0003940782843,1,1,1,1,1,0,1,0,6
Praj Industries Ltd.,9249.9,8678.1,6750,5611.2,,1,,8964,6021.2,4327.46,1.05,1049.3,292.9,6325.4,5630.8,,1.9,,9261.55,5794,4255.66,1.13,1112,214.5,77.45,2.46,60.15,0.406504065,-0.2233699161,0.08025950381,0.1232229538,-0.04296344995,0.1281386479,0.04787914405,0.08,0,5794,6021.2,-0.01579039161,-0.04611183121,1,0,1,1,1,1,0,0,5
Punj Lloyd Ltd.,82157.9,92553.3,75416.2,71742.2,59.9,22.1,19563,87307,69767.2,55727.62,1.57,-12526.6,3770.8,44802,44678.2,69.3,,21057.3,94676.4,40828.4,32601.48,1.44,9561.9,2149.3,80,0.72,51.2,1.388888889,-0.36,0.0005888498843,0.0442586775,-0.04366982761,0.1033123616,0.1027235117,-0.13,-0.001657980553,40828.4,69767.2,0.0002652587053,-0.3678604427,1,0,1,1,0,1,1,0,5
Punjab National Bank,2469396.6,2966579.4,251041.9,211988.3,31.3,7.1,192320.3,2702959.35,,25264.16,2.75,116990.6,246437.7,306768.3,262433.3,34.2,3.7,315757.4,3360246.6,,30108.49,2.77,133670.3,299845.6,218.8,1.64,162.8,0.6097560976,-0.2559414991,0.01493454043,0.0158052376,-0.0008706971694,0.04505872993,0.0301241895,0.02,0.02281676558,299845.6,246437.7,0.002104118665,-0.001940078406,1,0,1,1,1,0,1,0,5
Ranbaxy Laboratories Ltd. [Merged],120387.4,116344.3,55478.7,50331.7,263.8,26.5,27048.6,118365.85,46192.7,34438.51,0.85,-6662.4,6079.8,67154.4,57281.3,2793.8,30.6,19830.1,128606.65,53605,37108.46,0.9,11691.1,9553.1,545,4.25,496.1,0.2352941176,-0.08972477064,0.06111085803,0.04078250714,0.02032835089,0.1004870888,0.03937623072,0.05,-0.07432505333,53605,46192.7,0.05328265749,0.02655998623,1,1,1,1,1,1,1,1,8
Raymond Ltd.,30066.2,28867.4,15344.8,14632,445.1,14.1,11062.1,29466.8,13853.4,9752.89,1.46,751.4,568.8,16311,18198.4,13,,10831,28973.05,15227.2,11271.95,1.37,-286,562,367.85,2.19,413,0.4566210046,0.1227402474,-0.06583204584,0.009372651017,-0.07520469685,-0.009907369559,0.05592467628,-0.09,-0.001578771943,15227.2,13853.4,-0.03624403963,0.05542839265,0,0,0,1,0,1,0,1,3
Reliance Capital Ltd.,213496.9,205476.8,24321.6,20927.4,,8.3,53950.7,209486.85,-81.1,1188.94,0.14,39365,23750.5,20240,17940,110,,121130,236318.4,390,1032,0.32,-31990,18260,582.7,2,361.5,0.5,-0.3796121503,0.01065813756,0.01593699955,-0.005278861993,-0.1556866761,-0.1663448136,0.18,0.2550337689,390,-81.1,-17.30632647,0.002037452317,1,0,0,0,1,0,0,1,3
Reliance Communications Ltd.,922774.8,846296.7,167530.5,162741.2,,250,213829.7,884535.75,122935.3,104941.22,0.26,10754.3,22587.9,153880,161460,4260,,227560,875969.2,121330,111577,0.39,7260,7190,96.6,0.42,64.15,2.380952381,-0.3359213251,-0.01399036532,0.005461029061,-0.01945139438,0.008578551707,0.02256891702,0.13,0.01803853085,121330,122935.3,-0.06598625002,-0.0004734144318,0,0,1,1,1,0,0,0,3
Reliance Industries Ltd.,2459531.6,2512493.8,2036266.8,1913389,286.8,292.8,576040.7,2383067.6,1914867.1,1650909.39,1.15,227938.3,31238.1,2621610,2451180,,580,549560,2609390.55,2473130,2137981.3,1.36,364610,34270,907,1.86,737.4,0.5376344086,-0.1869900772,0.06806384955,0.04996227737,0.01810157218,0.1451187661,0.07705491651,0.21,-0.03111378451,2473130,1914867.1,-0.002330484724,0.1442503671,1,1,1,1,1,1,0,1,7
Reliance Infrastructure Ltd.,255664.9,269624.1,109381.7,98792.4,58.3,10.4,37649,257016.6,95615.7,84031.95,1.64,6104.4,8681.9,104377.1,93998.6,11.8,27.8,37969.7,311907.95,95165.5,80071.13,0.62,16130.6,6261.4,540,0.82,556.7,1.219512195,0.03092592593,0.03855182085,0.0412313149,-0.002679494047,0.0598262544,0.02127443355,-1.02,-0.02475103002,95165.5,95615.7,0.03746274959,-0.06691385115,1,0,1,1,0,1,1,0,5
Reliance Mediaworks Ltd.,19600.9,24350.2,5422.7,6465.7,,4.1,6647.8,21975.55,4627.4,3246.2,0.19,1004.3,340,5965.7,8527.3,270.1,,10419.1,23898.9,4783,4412.72,0.32,-254.8,299.6,110.87,7.7,52.49,0.1298701299,-0.5265626409,-0.1162906259,-0.05300266824,-0.0632879577,-0.01046397976,0.1058266462,0.13,0.1334567474,4783,4627.4,-0.2210671016,-0.01043564967,0,0,0,1,1,0,0,0,2
Reliance Power Ltd.,138521.6,141324.2,3880.7,1148.4,,0.1,,139922.9,85.5,354.1,0.17,-1109.6,3794.8,4924.4,2178.9,,0.6,15540.5,158669.1,363.5,774.66,7.39,-2524.3,4249.5,116.4,2.04,106.1,0.4901960784,-0.08848797251,0.01943120853,0.01972544354,-0.0002942350147,-0.01786176748,-0.03729297601,7.22,0.09794282567,363.5,85.5,2.0104063,0.001679880452,1,0,0,0,1,0,1,1,4
Rolta India Ltd.,28604.4,33931.2,11998.7,8328,3.3,127.9,11154.3,31267.8,11704.4,6913.32,2.42,5396.1,105.1,16032.4,11078.8,,382.9,7514.5,36947.35,14577.5,8726.92,0.93,7616,1425.3,129,0.91,80.75,1.098901099,-0.3740310078,0.1572741312,0.1326823845,0.02459174665,0.2244541897,0.06718005847,-1.49,-0.1533503995,14577.5,11704.4,-0.007996911398,0.0202203345,1,1,1,1,0,1,0,1,6
Ruchi Soya Inds. Ltd.,60662.6,75252.8,137488.9,136144.1,64.3,2.7,7118.2,67922.45,134831.8,127147.71,0.64,1864.7,2017.3,167916.7,170230.6,,6.6,9459.7,85590.25,165882.5,154040.72,0.99,-6018.3,1312.1,99.45,1.48,89.1,0.6756756757,-0.1040723982,-0.03066065316,0.0211530663,-0.05181371946,-0.07997443285,-0.04931377969,0.35,0.005724174028,165882.5,134831.8,0.01439636299,-0.04698403413,0,0,0,0,1,0,1,0,2
Rural Electrification Corpn. Ltd.,559677.5,713192.9,70914.9,47643.1,0.3,0.2,477409.1,636435.2,-8.9,862.97,0.2,-127752.5,66687.5,85031.1,59331.8,0.1,0.2,639115.7,802681.25,-18.6,960.78,0.89,-129013.5,84710.3,196.85,1.45,192.15,0.6896551724,-0.02387604775,0.0360342903,0.04158055309,-0.005546262784,-0.1808956595,-0.2169299498,0.69,0.04609608119,-18.6,-8.9,-45.30808264,-0.000009188194797,1,0,0,0,1,0,0,0,2
S Kumars Nationwide Ltd.,31423.7,38720.3,21599.2,21475,0.1,46.5,15199.6,34964.45,21544.4,16466.53,1.54,409.5,34.2,27617.8,27071.7,,2.3,13722.9,42613.7,27564.3,20929.01,1.24,-1258.5,5.5,54.1,1.05,35.6,0.9523809524,-0.3419593346,0.01416311341,0.005429023317,0.008734090089,-0.03250233082,-0.04666544422,-0.3,-0.1126855937,27564.3,21544.4,0.005027158608,0.03066112536,1,1,0,0,0,1,1,1,5
S R E I Infrastructure Finance Ltd.,21056.6,44821.3,4701.3,3586.4,,,26459.8,32938.95,-2.1,258.84,0.05,-19752.7,4699.7,7598.4,6255.4,,,25968.5,63118,-15.4,428.53,0.04,-8599.3,7593,43.2,0.84,24.9,1.19047619,-0.4236111111,0.02996343256,0.05294776935,-0.02298433678,-0.1918574428,-0.2218208753,-0.01,-0.391870421,-15.4,-2.1,-95.43051948,-0.000180233143,1,0,0,0,0,1,0,0,2
Shipping Corpn. Of India Ltd.,101154.6,103735.1,39165.3,35396.2,1225.2,,26968.6,102444.85,34630.7,23962.74,2.64,4129.9,2204.7,40351.8,34678.3,2075.6,,47151.3,117232.85,35564.8,24340.31,2.95,6842.1,1942.8,102.4,0.68,56.7,1.470588235,-0.4462890625,0.03468353527,0.02514863387,0.009534901401,0.06595742425,0.03127388897,0.31,0.1389521792,35564.8,34630.7,0.007557507055,-0.03467347747,1,1,1,1,1,0,1,0,6
Shree Renuka Sugars Ltd.,36775.7,57113.8,57207.7,55268.9,3.1,0.6,13144.8,46944.75,55111.9,48089.14,0.66,13065.8,843.3,64716.9,67757.7,0.2,6.2,23649.5,75440.6,63621,54627.47,0.62,-6758.1,7,66.95,2.44,32.45,0.4098360656,-0.5153099328,-0.05313601967,0.05265161506,-0.1057876347,-0.1183269192,-0.06519089957,-0.04,0.03347929507,63621,55111.9,0.01393373975,-0.3306479182,0,0,0,0,0,0,1,0,1
Shriram Transport Finance Co. Ltd.,259509.2,283967.4,45013.9,36282.7,6.2,,167866.8,271738.3,-23,2045.63,0.86,8049.3,44928.2,54018.5,41719.7,,3.7,176755.9,310948.15,-31.1,3035.83,0.73,-3982.6,53941.1,627.9,2.82,535.3,0.3546099291,-0.1474757127,0.04332363504,0.03362115871,0.009702476327,-0.01402484933,-0.05734848437,-0.13,-0.04930999576,-31.1,-23,8.674677758,-0.00001537641615,1,1,0,0,0,1,1,0,4
Siemens Ltd.,97744.3,114125.8,97182.8,94333.6,267.3,,2.4,105922.3,92710.3,78271.57,0.87,10011.8,796.9,125350,117719,165,0,214,120152.25,118075,98721.3,0.84,107,1207,893,7.33,738.05,0.136425648,-0.1735162374,0.06541903759,0.02641483954,0.03900419805,0.0009375618835,-0.0644814757,-0.03,0.001758415478,118075,92710.3,0.008169925851,0.1074444591,1,1,1,0,0,0,1,1,5
Sintex Industries Ltd.,42829.7,47368.5,22004.7,19128,4.4,,16817.8,45099.1,20102,15667.22,1.59,-2462.5,907.5,27342.2,23713,1.4,,19301.6,52348.95,26155.1,19685.31,1.26,8061.5,592.5,181,2.19,62.4,0.4566210046,-0.6552486188,0.07658676124,0.06706327618,0.00952348506,0.1701869386,0.09360017733,-0.33,-0.004197307169,26155.1,20102,0.02674859542,0.05390037185,1,1,1,1,0,1,1,1,7
Sobha Ltd.,35852,37775.4,11232.4,9560.4,3.9,,10925.4,36813.7,10562.4,7055.09,1.55,3184.3,76,13858.4,11556.8,3.1,,8192,37912.9,13594.8,8645.45,1.33,4089.6,92.9,260.15,1.39,336.45,0.7194244604,0.2932923313,0.06084647681,0.04652739038,0.01431908642,0.1082609317,0.04741445491,-0.22,-0.08070117304,13594.8,10562.4,0.03200583281,0.07166487168,1,1,1,1,0,1,1,1,7
State Bank Of India,9650429.6,10539566.1,869685.1,778024.6,,104.6,948332.6,10094997.85,,105680.36,1.48,-131886.5,859093.7,982505.4,899860.2,,185.1,1105363.1,11393252.1,,131188.32,1.7,170870.8,961770.1,241.85,2.31,218.19,0.4329004329,-0.097829233,0.00785898577,0.009508913468,-0.001649927699,0.01621231827,0.008353332496,0.22,0.003078260892,961770.1,859093.7,-0.01338921674,-0.0006851637523,1,0,1,1,1,0,0,0,4
Steel Authority Of India Ltd.,556566.4,697028.9,483876.4,404758.2,299.1,,123441.4,626797.65,405626,291825.94,1.79,45983.2,20756,493661,459330.5,198.8,,152223.9,735213.05,426704.3,315756.93,1.63,19599.1,15335.1,137.9,1.5,91.2,0.6666666667,-0.3386511965,0.0489674101,0.1416167056,-0.09264929547,0.02811805938,-0.02084935072,-0.16,0.0101075375,426704.3,405626,-0.02054419105,-0.06675843301,1,0,1,0,0,0,0,0,2
Sterlite Industries (India) Ltd. [Merged],198605.1,297336.6,150906,146062.6,,2740,24815.9,247803.75,131128.5,126547.54,1.05,-1280.5,13419.2,179982.8,168745.7,,13.8,21552.8,314852.7,153026.8,144043.71,1.21,3046.7,16796.6,170.7,2.4,104.25,0.4166666667,-0.3892794376,0.03783893406,0.03818330949,-0.0003443754355,0.0102466363,-0.02759229775,0.16,-0.0316897619,153026.8,131128.5,0.02376783186,-0.04313605388,1,0,1,0,1,1,1,0,5
Sterlite Technologies Ltd.,17529.6,21015.2,25183.8,22981.1,103.2,,2.5,19272.4,24294.6,18772.53,0.98,3468.5,116.8,23326.8,22230.8,,2.8,1.9,23354.9,22581.4,18410.53,0.87,707.9,109.7,51.95,2.07,32.6,0.4830917874,-0.3724735322,0.05228596444,0.1197688481,-0.06748288367,0.03368514218,-0.01860082226,-0.11,-0.00004836580625,22581.4,24294.6,-0.04259240652,-0.2937096624,1,0,1,0,0,1,0,0,3
Sun Pharmaceutical Inds. Ltd.,62941.4,66093.3,26813.2,18135.8,11.1,30.8,0,64517.35,18208.6,12623.91,1.64,5976,7946.5,33752.5,19894.6,15.1,3.9,0,71152.4,19509.3,13959.06,3.09,11865,13573.9,250,7.26,317.35,0.1377410468,0.2694,0.2095023247,0.1381777336,0.07132459117,0.1795189528,-0.02998337199,1.45,0,19509.3,18208.6,-0.02221416031,-0.008037629346,1,1,1,0,1,1,0,0,5
Sun T V Network Ltd.,20447.1,25162.7,14375.2,8701.4,3.5,,,22804.9,13947.7,4420.8,2.12,7622,409.6,19705,11982.8,0,27.5,,27008,19278.2,6445.58,2.64,10693.7,375.2,346.9,5.49,304.2,0.1821493625,-0.1230902277,0.3079836425,0.2773156095,0.03066803291,0.4249822157,0.1169985733,0.52,0,19278.2,13947.7,-0.01739004648,0.1021861267,1,1,1,1,1,1,0,1,7
Suzlon Energy Ltd.,179140.6,172920.2,40123.2,51714.4,2487.6,14.1,63394.5,176030.4,34888.4,29879.68,0.85,21070.6,2557,47183.6,51277.2,,402.1,55018.1,173925.5,43568.7,33736.6,0.68,7248.5,3316.7,48.5,1.26,18.9,0.7936507937,-0.6103092784,-0.02134799752,-0.07851207376,0.05716407624,0.0419181796,0.06326617712,-0.17,-0.04380240003,43568.7,34888.4,0.08210483621,0.05230677107,0,1,1,1,0,1,1,1,6
Syndicate Bank,1302556.7,1390509.5,113406.6,105273.4,2.4,2.6,95604.3,1342437.4,,10825.85,2.23,-56023.5,109989.2,124272.3,113792.8,1.8,4.6,87598.8,1473958.25,,13791.11,2.88,38272.1,120924.3,118.5,0.95,106.4,1.052631579,-0.1021097046,0.007538459824,0.006244181155,0.001294278668,0.02752379613,0.01998533631,0.65,-0.01178596074,120924.3,109989.2,-0.01562098419,0.0001080580667,1,1,1,1,1,1,0,1,7
T V S Motor Co. Ltd.,25642.9,27797.9,48175.9,47276.3,543.2,3.1,9893.8,26720.4,43590.1,35927.99,0.84,3822,166.5,68600.3,68093.3,2.5,141.5,6887.3,28535.35,62841.8,51715.97,0.85,2335.7,376.6,54.25,2.4,35.6,0.4166666667,-0.3437788018,0.02323916555,0.01401947518,0.009219690372,0.08402433277,0.06078516722,0.01,-0.1289111254,62841.8,43590.1,0.001268675581,0.5709022868,1,1,1,1,1,1,1,1,8
Tata Chemicals Ltd.,100017.6,90654.7,57718.3,51658.8,58.5,181.8,29372.7,95336.15,54059,38289.88,1.3,8071,1877.3,65679.1,61694.9,381.4,189.4,27032,93437.8,62246,45724.79,1.32,4242.6,1051.8,375.9,1.95,315.5,0.5128205128,-0.1606810322,0.0418312564,0.06181712019,-0.01998586378,0.04679955921,0.004968302802,0.02,-0.01879138517,62246,54059,-0.02628401044,0.0991400933,1,0,1,1,1,1,0,1,6
Tata Communications Ltd.,124767.7,122799.7,39869.8,35038,26.7,,25201.7,123783.7,32119.8,24358.79,0.44,7259.8,947.6,38065.2,36439.6,21.9,0.1,12596.9,120003.65,35996.9,27694.06,0.52,8187.8,693.2,198.05,0.83,235.05,1.204819277,0.1868215097,0.01306029249,0.03851237139,-0.0254520789,0.06667605865,0.05361576616,0.08,-0.09862368366,35996.9,32119.8,-0.01097266518,0.04048176666,1,0,1,1,1,1,0,1,6
Tata Consultancy Services Ltd.,186106.4,227606.8,234552.1,178353.2,,28.1,357.4,206856.6,230064.4,116151.04,1.06,57962.6,3728,299311.2,223602.6,,12.6,411.2,244934.5,292340,146920.41,1.86,57198.8,5408.3,1198,10.83,1259.45,0.09233610342,0.05129382304,0.3326842608,0.3021228716,0.0305613891,0.2513053213,-0.08137893947,0.8,-0.00004895079183,292340,230064.4,0.00229625166,0.08135088228,1,1,1,0,1,1,1,1,7
Tata Global Beverages Ltd.,38339.9,39674.9,21025,17246.3,,26.3,3282.1,38788.8,16980,12239.19,0.34,158.3,3802.3,19713,18142.8,,16.1,3250,39978.25,17943.4,13378.46,0.33,116.3,1570.6,98,2.75,117.95,0.3636363636,0.2035714286,0.03998245742,0.09924386866,-0.05926141124,0.002931324339,-0.03705113308,-0.01,-0.003320427304,17943.4,16980,-0.02479189783,0.01107382248,1,0,1,0,0,1,0,1,4
Tata Motors Ltd.,382686.3,513273,403903.1,387568.6,68.4,,116782.8,447731.15,353496.6,286293.9,0.33,64001.8,22216,516129.7,501553.7,,,129454.1,531447.95,468657.4,406875.3,0.6,15055.6,6079,199.86,2.64,235.42,0.3787878788,0.1779245472,0.0283981429,0.04250504917,-0.01410690628,0.02933253843,0.0009343955361,0.27,-0.01724487912,468657.4,353496.6,-0.0582806208,0.09232133153,1,0,1,1,1,1,0,1,6
Tata Power Co. Ltd.,161847.6,189830.5,74445.4,65057.8,18.2,31,57740.3,175839.05,70682.4,53621.88,1.82,13211.7,2817.8,75130.6,66189.2,161.4,,67651.3,201684.5,68370.3,55155.39,1.24,16087.8,4914.4,125.93,2.69,100.75,0.3717472119,-0.1999523545,0.04625178778,0.05808180041,-0.01183001263,0.08474823593,0.03849644815,-0.58,0.007061152467,68370.3,70682.4,-0.04808434943,-0.06297584078,1,0,1,1,0,0,0,0,3
Tata Steel Ltd.,691031.7,744823.4,280457.1,228639.4,77.5,,252392,717927.55,247037.4,132948.06,0.67,83692.2,12643.6,333383.5,266508.5,,253.9,281519.9,825868.4,290166.2,147890.53,0.72,83390,14364.1,616.7,1.18,446.95,0.8474576271,-0.2752553916,0.09012727044,0.07487384443,0.01525342601,0.1119594255,0.02183215511,0.05,-0.01067893249,290166.2,247037.4,0.02849451882,0.007248823812,1,1,1,1,1,1,1,1,8
Tata Teleservices (Maharashtra) Ltd.,40257.4,46995.1,22844,25868,385.3,,15766.4,43626.25,22000.4,15339.5,0.17,6818.6,0.6,34079.7,33554.5,303.9,,18565.8,53109.9,22653.7,19594.83,0.1,900.6,8424.6,17.29,,12.49,#DIV/0!,-0.2776171197,0.004709001577,-0.08468753571,0.08939653728,0.01916370005,0.01445469847,-0.07,-0.01182385123,22653.7,22000.4,-0.1677352864,-0.07774888663,1,1,1,1,0,1,0,0,5
Tech Mahindra Ltd.,29662,58442,45911,38483,,,7422,44052,44783,14338.3,0.64,14123,593,51338,44371,11,,6800,59688,49585,19433.1,0.83,4706,1078,182.01,2.57,183.59,0.3891050584,0.008680841712,0.1190239896,0.2504214146,-0.131397425,0.08052428048,-0.03849970911,0.19,-0.05455695504,49585,44783,-0.07174206018,-0.1858575288,1,0,1,0,1,1,0,0,4
Titan Company Ltd.,18013.5,21117.9,48152.2,46765.7,,32.4,728,19565.7,47266.7,37538.19,1.27,3343.5,107.1,66595,67293.6,,18.1,148.7,29383.95,64296.9,51704.24,1.2,10400.6,576.7,215.3,16.22,225.35,0.06165228113,0.04667905248,-0.03222384802,0.07876870125,-0.1109925493,0.4925016218,0.5247254699,-0.07,-0.0321473853,64296.9,47266.7,-0.009969902087,-0.2276300193,0,0,1,1,0,1,0,0,3
Triveni Engineering & Inds. Ltd.,26190.3,25646.8,24252.4,25177.4,11.3,0.4,6242.5,25754.8,22403.5,19745.77,1.06,-18.8,528.4,18016.5,17753.7,41.6,2.2,5338.5,23977.5,17035.2,14970.11,1.61,1669.6,48.6,39.9,1.01,15.95,0.9900990099,-0.6002506266,0.008710638364,-0.03573460403,0.0444452424,0.06509973954,0.05638910117,0.55,-0.01973577174,17035.2,22403.5,0.002594750795,-0.1594106212,1,1,1,1,1,1,1,0,7
Tulip Telecom Ltd.,20834.9,26230.2,19901.4,17367.9,,,13513.1,23532.55,19642.7,14870.04,3.36,1846,250.3,23544.3,20764.3,,0,16516.7,29457.1,23487,17555.46,2.47,3380.8,37.7,164.7,1.76,119.35,0.5681818182,-0.2753491196,0.1059847047,0.1215988558,-0.01561415111,0.1288896005,0.02290489588,-0.89,-0.01352663048,23487,19642.7,0.009571937951,-0.03737442435,1,0,1,1,0,1,1,0,5
Uco Bank,1119959.1,1378082.7,105000.4,94878.5,1.1,,62638.3,1244465.7,,9482.7,3.48,103373.1,100969.1,123004.7,113939.3,0.5,,54746.2,1503990.15,,10584.9,4.08,82157.7,118363.4,96.6,1.11,82,0.9009009009,-0.1511387164,0.006577907117,0.009036758574,-0.002458851458,0.05961739451,0.0530394874,0.6,-0.01393285117,118363.4,100969.1,0.004489714684,-0.002434913554,1,0,1,1,1,1,1,0,6
Ultratech Cement Ltd.,77364.7,83667.8,78513,67626.5,14.9,,15583.5,80516.25,70019.1,32518.07,0.97,15613.5,759.9,152422.4,139041.3,47.9,,34301.9,142621.4,132127.1,62539.31,0.65,20139,1515.7,937,2.26,1514.85,0.4424778761,0.6167022412,0.1593587975,0.1405240374,0.01883476008,0.2407019188,0.08134312125,-0.32,0.04696540858,132127.1,70019.1,-0.008909757479,0.05679153711,1,1,1,1,0,0,0,1,5
Union Bank Of India,1613376.6,1955094.6,155567.5,134818.3,,6.4,92153.1,1767725.85,,13083.02,3.41,116181.7,146672.5,185896.2,165076.7,,3.6,133159.7,2145451.75,,20778.74,3.16,43792.2,177109.6,293.15,1.35,209.3,0.7407407407,-0.2860310421,0.01065068667,0.01286469631,-0.002214009642,0.02239901844,0.01174833177,-0.25,0.009935165087,177109.6,146672.5,-0.02812250344,-0.0004212324045,1,0,1,1,0,0,0,0,3
Uniphos Enterprises Ltd.,1401.3,1874.3,313.3,114.9,273.6,,742,1637.8,-1.1,4.11,0.07,-641.7,37.5,51.5,69.8,,,2,1579.2,-0.6,2.15,0.01,-3,51.5,25.55,1.28,23.75,0.78125,-0.07045009785,-0.009763645094,-0.05366445444,0.04390080934,-0.001600597556,0.008163047538,-0.06,-0.451780306,-0.6,-1.1,-0.153030303,0.0002916934683,0,1,0,1,0,1,0,1,4
Unitech Ltd.,171478.8,200782.3,22227.8,16967.9,0.8,6.8,31263.5,186130.55,18614.5,10645.55,1.23,-19605.4,3037.7,23772.4,18712,,2.8,38800.4,214680.05,20007.4,11934.2,1.35,-3659.8,3531.9,32.2,0.91,23.5,1.098901099,-0.2701863354,0.02521736229,0.03070875234,-0.005491390048,-0.01822770234,-0.04344506463,0.12,0.01277049558,20007.4,18614.5,-0.02459373367,-0.006811399756,1,0,0,0,1,0,0,0,2
United Spirits Ltd.,60164.6,94700.4,93156.7,91028.3,8.1,,24290.9,77432.5,48639.6,30481.64,0.94,10924.7,112.5,129699.6,128675.9,377.3,,23305.7,98388.05,63199.7,39671.21,0.84,4877.7,473.3,980.15,2.46,712.85,0.406504065,-0.2727133602,0.006825736745,0.03524165373,-0.02841591699,0.05150664622,0.04468090948,-0.1,-0.07682888239,63199.7,48639.6,-0.001028391037,0.01419653858,1,0,1,1,0,1,0,1,5
Vedanta Ltd.,65540.5,122056.2,57849.7,37978.5,1.2,,19161.9,93798.35,51924.7,18931.08,1.03,20042.7,4269.4,84079.1,49872.4,6.5,,9680.1,132066.55,72739.7,21463.03,1.39,29611,5121.7,285,2.01,191.6,0.4975124378,-0.3277192982,0.2802004323,0.3031713215,-0.02297088929,0.242601359,-0.03759907321,0.36,-0.1309911048,72739.7,51924.7,0.069520938,-0.002797319966,1,0,1,0,1,1,1,0,5
Videocon Industries Ltd.,179325.5,229143.3,147189.2,139953.5,35.8,,70278.5,204234.4,136820.6,101061.55,1.05,-4937.3,285.9,147189.2,139953.5,35.8,,70278.5,204234.4,136820.6,101061.55,1.05,-4937.3,285.9,210,0.63,171.05,1.587301587,-0.1854761905,0.03142094925,0.04014989502,-0.008728945775,-0.02154677881,-0.05296772805,0,0,136820.6,136820.6,0,0,1,0,0,0,0,1,0,0,2
Vijaya Bank,623821.6,702070.8,60674.6,55601.6,1.9,4.5,19385.7,659731.7,,5770.07,2.55,19450.7,57981.2,63935.9,58697.7,1.2,2.7,20253.7,758074.85,,7933.77,3.84,34421.3,60990.3,70.5,0.98,58.4,1.020408163,-0.1716312057,0.007463207414,0.008136300506,-0.000673093092,0.04902824615,0.04156503874,1.29,-0.002666935256,60990.3,57981.2,-0.03056626603,-0.007431837416,1,0,1,1,1,1,0,0,5
Voltas Ltd.,29922.7,31642.7,46492.8,43759.3,289,5.9,0,30782.7,44938.2,35714.98,1.13,2908.3,516.5,52993.2,50718.3,458.3,7.3,0,35177.25,51450.4,41461.48,1.21,86.6,587.5,161,3.76,107.2,0.2659574468,-0.3341614907,0.05764046684,0.08189100583,-0.02425053899,0.002736808174,-0.05490365866,0.08,0,51450.4,44938.2,-0.01109571499,0.002751932503,1,0,1,0,1,1,0,1,5
Welspun Corp Ltd.,78371.7,68273.9,69785,60459.8,,45.5,18489.7,73322.8,66096.7,51643.58,1.6,-1855.9,567,66415.4,64827.2,,2020.4,25245.8,75685.75,62535.4,49984.69,1.23,9792.1,782.5,174,1.14,118.9,0.8771929825,-0.3166666667,0.05285475123,0.1195673949,-0.06671264363,0.1434237681,0.09056901686,-0.37,0.08139231571,62535.4,66096.7,-0.01796860259,-0.07519746885,1,0,1,1,0,0,0,0,3
Wipro Ltd.,250724,305674,239206,191336,,,17747,278199,228863,113340.5,1.27,44774,8304,271409,223288,,,19687,325012,262627,150707.9,1.43,37112,6418,423.8,4.61,400.25,0.2169197397,-0.05556866446,0.1574258851,0.1909270752,-0.0335011901,0.1214103915,-0.03601549363,0.16,-0.003219317038,262627,228863,-0.07861474439,-0.0146060783,1,0,1,0,1,1,0,0,4
Yes Bank Ltd.,229008,363825.1,29508.6,24731.2,,5.9,41197.8,296416.55,,2435.82,1.39,17291.8,29018.1,47190.2,39918.8,,4.4,60979.1,476947.45,,3283.22,1.5,75189,47044.9,315,2.76,344.4,0.3623188406,0.09333333333,0.0199980705,0.02088704325,-0.0008889727459,0.206662487,0.1866644165,0.11,-0.01113329727,47044.9,29018.1,0.01415232825,0.0007411357528,1,0,1,1,1,1,1,1,7
Zee Entertainment Enterprises Ltd.,29997.6,36336.1,14464.8,8503.9,,77.4,1175.7,33166.85,12689.7,4918.75,2.04,6227.8,980.1,22540,17570,,79,11,36289.55,21645,10206.9,2.88,3450,829,133,4.37,149.05,0.2288329519,0.1206766917,0.1389527219,0.2012927701,-0.06234004814,0.09494689854,-0.04400582341,0.84,-0.0351449277,21645,12689.7,-0.08394173499,0.2138507926,1,0,1,0,1,1,0,1,5